regimen,label,t,conc
R1,500 mg q12h,0.0,0.0
R1,500 mg q12h,0.05,0.7137998157410218
R1,500 mg q12h,0.1,1.3815905396058819
R1,500 mg q12h,0.15,2.0060025519655613
R1,500 mg q12h,0.2,2.5895182942485615
R1,500 mg q12h,0.25,3.1344805693233724
R1,500 mg q12h,0.3,3.643100376340453
R1,500 mg q12h,0.35,4.117464306142875
R1,500 mg q12h,0.4,4.559541521890627
R1,500 mg q12h,0.45,4.97119034816123
R1,500 mg q12h,0.5,5.354164490484828
R1,500 mg q12h,0.55,5.710118906040333
R1,500 mg q12h,0.6,6.04061534507686
R1,500 mg q12h,0.65,6.3471275815273795
R1,500 mg q12h,0.7,6.631046350245933
R1,500 mg q12h,0.75,6.89368400732208
R1,500 mg q12h,0.8,7.136278929003462
R1,500 mg q12h,0.85,7.359999663886434
R1,500 mg q12h,0.9,7.56594885221241
R1,500 mg q12h,0.95,7.755166925331643
R1,500 mg q12h,1.0,7.928635597663481
R1,500 mg q12h,1.05,8.087281162790829
R1,500 mg q12h,1.1,8.231977604673718
R1,500 mg q12h,1.15,8.363549534350982
R1,500 mg q12h,1.2,8.482774961917297
R1,500 mg q12h,1.25,8.590387913014197
R1,500 mg q12h,1.3,8.687080898555315
R1,500 mg q12h,1.35,8.773507245917163
R1,500 mg q12h,1.4,8.850283299365131
R1,500 mg q12h,1.45,8.917990497048553
R1,500 mg q12h,1.5,8.977177331487459
R1,500 mg q12h,1.55,9.028361200085365
R1,500 mg q12h,1.6,9.072030151835943
R1,500 mg q12h,1.65,9.108644536045619
R1,500 mg q12h,1.7,9.138638558567417
R1,500 mg q12h,1.75,9.162421750733436
R1,500 mg q12h,1.8,9.180380355882184
R1,500 mg q12h,1.85,9.192878638102538
R1,500 mg q12h,1.9,9.20026011755686
R1,500 mg q12h,1.95,9.202848736501073
R1,500 mg q12h,2.0,9.20094995988869
R1,500 mg q12h,2.05,9.194851814227663
R1,500 mg q12h,2.1,9.18482586815318
R1,500 mg q12h,2.15,9.17112815798544
R1,500 mg q12h,2.2,9.154000061357904
R1,500 mg q12h,2.25,9.1336691218286
R1,500 mg q12h,2.3,9.11034982722371
R1,500 mg q12h,2.35,9.084244344308404
R1,500 mg q12h,2.4,9.05554321223444
R1,500 mg q12h,2.45,9.024425997076582
R1,500 mg q12h,2.5,8.991061909640337
R1,500 mg q12h,2.55,8.955610388600956
R1,500 mg q12h,2.6,8.918221650918266
R1,500 mg q12h,2.65,8.879037211362725
R1,500 mg q12h,2.7,8.838190372885252
R1,500 mg q12h,2.75,8.795806689466108
R1,500 mg q12h,2.8,8.752004402986497
R1,500 mg q12h,2.85,8.706894855579929
R1,500 mg q12h,2.9,8.660582878838651
R1,500 mg q12h,2.95,8.613167161173374
R1,500 mg q12h,3.0,8.564740594551658
R1,500 mg q12h,3.05,8.515390601771648
R1,500 mg q12h,3.1,8.46519944536292
R1,500 mg q12h,3.15,8.414244519145036
R1,500 mg q12h,3.2,8.362598623416542
R1,500 mg q12h,3.25,8.310330224692622
R1,500 mg q12h,3.3,8.25750370085812
R1,500 mg q12h,3.35,8.204179572554036
R1,500 mg q12h,3.4,8.15041472156971
R1,500 mg q12h,3.45,8.096262596969575
R1,500 mg q12h,3.5,8.04177340964255
R1,500 mg q12h,3.55,7.986994315923492
R1,500 mg q12h,3.6,7.931969590899694
R1,500 mg q12h,3.65,7.876740791981135
R1,500 mg q12h,3.7,7.821346913280568
R1,500 mg q12h,3.75,7.765824531319086
R1,500 mg q12h,3.8,7.710207942543737
R1,500 mg q12h,3.85,7.6545292931165605
R1,500 mg q12h,3.9,7.598818701408608
R1,500 mg q12h,3.95,7.5431043736082275
R1,500 mg q12h,4.0,7.4874127128298875
R1,500 mg q12h,4.05,7.431768422088225
R1,500 mg q12h,4.1,7.376194601481459
R1,500 mg q12h,4.15,7.320712839909097
R1,500 mg q12h,4.2,7.265343301630572
R1,500 mg q12h,4.25,7.2101048079542736
R1,500 mg q12h,4.3,7.1550149143302315
R1,500 mg q12h,4.35,7.10008998310431
R1,500 mg q12h,4.4,7.045345252177389
R1,500 mg q12h,4.45,6.990794899799307
R1,500 mg q12h,4.5,6.936452105714448
R1,500 mg q12h,4.55,6.882329108863727
R1,500 mg q12h,4.6,6.828437261836211
R1,500 mg q12h,4.65,6.7747870822527805
R1,500 mg q12h,4.7,6.7213883012540245
R1,500 mg q12h,4.75,6.668249909254875
R1,500 mg q12h,4.8,6.615380199119399
R1,500 mg q12h,4.85,6.562786806900538
R1,500 mg q12h,4.9,6.510476750281494
R1,500 mg q12h,4.95,6.458456464847743
R1,500 mg q12h,5.0,6.406731838311483
R1,500 mg q12h,5.05,6.355308242803455
R1,500 mg q12h,5.1,6.304190565340615
R1,500 mg q12h,5.15,6.2533832365721045
R1,500 mg q12h,5.2,6.202890257900153
R1,500 mg q12h,5.25,6.152715227067192
R1,500 mg q12h,5.3,6.102861362295278
R1,500 mg q12h,5.35,6.053331525059132
R1,500 mg q12h,5.4,6.004128241569545
R1,500 mg q12h,5.45,5.955253723039567
R1,500 mg q12h,5.5,5.906709884801833
R1,500 mg q12h,5.55,5.858498364341607
R1,500 mg q12h,5.6,5.8106205383064005
R1,500 mg q12h,5.65,5.763077538549708
R1,500 mg q12h,5.7,5.715870267263095
R1,500 mg q12h,5.75,5.668999411247894
R1,500 mg q12h,5.8,5.622465455374837
R1,500 mg q12h,5.85,5.576268695277293
R1,500 mg q12h,5.9,5.530409249321142
R1,500 mg q12h,5.95,5.4848870698920145
R1,500 mg q12h,6.0,5.439701954038215
R1,500 mg q12h,6.05,5.394853553505592
R1,500 mg q12h,6.1,5.350341384198558
R1,500 mg q12h,6.15,5.306164835099491
R1,500 mg q12h,6.2,5.262323176677043
R1,500 mg q12h,6.25,5.218815568812061
R1,500 mg q12h,6.3,5.175641068268303
R1,500 mg q12h,6.35,5.13279863573353
R1,500 mg q12h,6.4,5.090287142455204
R1,500 mg q12h,6.45,5.048105376493561
R1,500 mg q12h,6.5,5.006252048613662
R1,500 mg q12h,6.55,4.964725797836704
R1,500 mg q12h,6.6,4.923525196669831
R1,500 mg q12h,6.65,4.8826487560325305
R1,500 mg q12h,6.7,4.842094929896724
R1,500 mg q12h,6.75,4.801862119656713
R1,500 mg q12h,6.8,4.761948678244165
R1,500 mg q12h,6.85,4.722352914002589
R1,500 mg q12h,6.9,4.683073094334809
R1,500 mg q12h,6.95,4.644107449136277
R1,500 mg q12h,7.0,4.6054541740263275
R1,500 mg q12h,7.05,4.567111433388748
R1,500 mg q12h,7.1,4.529077363232475
R1,500 mg q12h,7.15,4.491350073882568
R1,500 mg q12h,7.2,4.453927652511053
R1,500 mg q12h,7.25,4.416808165516702
R1,500 mg q12h,7.3,4.379989660762284
R1,500 mg q12h,7.35,4.343470169677379
R1,500 mg q12h,7.4,4.307247709234345
R1,500 mg q12h,7.45,4.271320283804649
R1,500 mg q12h,7.5,4.235685886902324
R1,500 mg q12h,7.55,4.2003425028209715
R1,500 mg q12h,7.6,4.165288108170347
R1,500 mg q12h,7.65,4.130520673318232
R1,500 mg q12h,7.7,4.096038163742979
R1,500 mg q12h,7.75,4.061838541301799
R1,500 mg q12h,7.8,4.027919765419603
R1,500 mg q12h,7.85,3.99427979420292
R1,500 mg q12h,7.9,3.960916585483144
R1,500 mg q12h,7.95,3.9278280977931646
R1,500 mg q12h,8.0,3.895012291281182
R1,500 mg q12h,8.05,3.8624671285652745
R1,500 mg q12h,8.1,3.830190575532147
R1,500 mg q12h,8.15,3.7981806020832085
R1,500 mg q12h,8.2,3.7664351828310565
R1,500 mg q12h,8.25,3.7349522977491527
R1,500 mg q12h,8.3,3.7037299327774305
R1,500 mg q12h,8.35,3.6727660803863444
R1,500 mg q12h,8.4,3.64205874010175
R1,500 mg q12h,8.45,3.6116059189929084
R1,500 mg q12h,8.5,3.5814056321256964
R1,500 mg q12h,8.55,3.551455902983082
R1,500 mg q12h,8.6,3.521754763854732
R1,500 mg q12h,8.65,3.492300256197552
R1,500 mg q12h,8.7,3.463090430968861
R1,500 mg q12h,8.75,3.4341233489337784
R1,500 mg q12h,8.8,3.405397080948339
R1,500 mg q12h,8.85,3.376909708219751
R1,500 mg q12h,8.9,3.3486593225451444
R1,500 mg q12h,8.95,3.320644026530066
R1,500 mg q12h,9.0,3.292861933787914
R1,500 mg q12h,9.05,3.2653111691214565
R1,500 mg q12h,9.1,3.2379898686874626
R1,500 mg q12h,9.15,3.210896180145477
R1,500 mg q12h,9.2,3.184028262791674
R1,500 mg q12h,9.25,3.157384287678674
R1,500 mg q12h,9.3,3.1309624377221863
R1,500 mg q12h,9.35,3.104760907795241
R1,500 mg q12h,9.4,3.078777904810785
R1,500 mg q12h,9.45,3.0530116477933427
R1,500 mg q12h,9.5,3.027460367940389
R1,500 mg q12h,9.55,3.0021223086740965
R1,500 mg q12h,9.6,2.9769957256840205
R1,500 mg q12h,9.65,2.9520788869612873
R1,500 mg q12h,9.7,2.9273700728248326
R1,500 mg q12h,9.75,2.9028675759401574
R1,500 mg q12h,9.8,2.8785697013310956
R1,500 mg q12h,9.85,2.854474766385019
R1,500 mg q12h,9.9,2.8305811008519046
R1,500 mg q12h,9.95,2.8068870468376566
R1,500 mg q12h,10.0,2.783390958792055
R1,500 mg q12h,10.05,2.760091203491676
R1,500 mg q12h,10.1,2.736986160018116
R1,500 mg q12h,10.15,2.714074219731832
R1,500 mg q12h,10.2,2.691353786241892
R1,500 mg q12h,10.25,2.6688232753718983
R1,500 mg q12h,10.3,2.6464811151223744
R1,500 mg q12h,10.35,2.6243257456298195
R1,500 mg q12h,10.4,2.6023556191226955
R1,500 mg q12h,10.45,2.5805691998745535
R1,500 mg q12h,10.5,2.5589649641544914
R1,500 mg q12h,10.55,2.537541400175163
R1,500 mg q12h,10.6,2.516297008038493
R1,500 mg q12h,10.65,2.4952302996792906
R1,500 mg q12h,10.7,2.4743397988069074
R1,500 mg q12h,10.75,2.453624040845103
R1,500 mg q12h,10.8,2.43308157287026
R1,500 mg q12h,10.85,2.4127109535480744
R1,500 mg q12h,10.9,2.392510753068852
R1,500 mg q12h,10.95,2.372479553081547
R1,500 mg q12h,11.0,2.3526159466266234
R1,500 mg q12h,11.05,2.332918538067875
R1,500 mg q12h,11.1,2.3133859430232833
R1,500 mg q12h,11.15,2.2940167882950164
R1,500 mg q12h,11.2,2.2748097117986585
R1,500 mg q12h,11.25,2.2557633624917437
R1,500 mg q12h,11.3,2.236876400301678
R1,500 mg q12h,11.35,2.218147496053128
R1,500 mg q12h,11.4,2.199575331394925
R1,500 mg q12h,11.45,2.181158598726584
R1,500 mg q12h,11.5,2.162896001124448
R1,500 mg q12h,11.55,2.1447862522675747
R1,500 mg q12h,11.6,2.126828076363361
R1,500 mg q12h,11.65,2.1090202080729967
R1,500 mg q12h,11.7,2.0913613924367755
R1,500 mg q12h,11.75,2.0738503847993055
R1,500 mg q12h,11.8,2.056485950734678
R1,500 mg q12h,11.85,2.039266865971609
R1,500 mg q12h,11.9,2.022191916318608
R1,500 mg q12h,11.95,2.0052598975892013
R1,500 mg q12h,12.0,1.9884696155272357
R1,500 mg q12h,12.05,2.6856197014733407
R1,500 mg q12h,12.1,3.336900073191216
R1,500 mg q12h,12.15,3.944939946139854
R1,500 mg q12h,12.2,4.5122206064686665
R1,500 mg q12h,12.25,5.041083711326263
R1,500 mg q12h,12.3,5.533739123628676
R1,500 mg q12h,12.35,5.992272307396709
R1,500 mg q12h,12.4,6.418651308307192
R1,500 mg q12h,12.45,6.81473334272069
R1,500 mg q12h,12.5,7.182271017144242
R1,500 mg q12h,12.55,7.522918198855207
R1,500 mg q12h,12.6,7.838235557250936
R1,500 mg q12h,12.65,8.129695794390948
R1,500 mg q12h,12.7,8.398688582162958
R1,500 mg q12h,12.75,8.64652522252662
R1,500 mg q12h,12.8,8.874443046365672
R1,500 mg q12h,12.85,9.083609565608567
R1,500 mg q12h,12.9,9.275126392455274
R1,500 mg q12h,12.95,9.450032938771765
R1,500 mg q12h,13.0,9.609309907981576
R1,500 mg q12h,13.05,9.753882591091834
R1,500 mg q12h,13.1,9.884623977838892
R1,500 mg q12h,13.15,10.002357693322487
R1,500 mg q12h,13.2,10.107860769915664
R1,500 mg q12h,13.25,10.201866263689148
R1,500 mg q12h,13.3,10.285065724070344
R1,500 mg q12h,13.35,10.35811152496834
R1,500 mg q12h,13.4,10.421619065134577
R1,500 mg q12h,13.45,10.476168845092992
R1,500 mg q12h,13.5,10.522308427562358
R1,500 mg q12h,13.55,10.56055428790505
R1,500 mg q12h,13.6,10.591393560770182
R1,500 mg q12h,13.65,10.615285688753104
R1,500 mg q12h,13.7,10.632663978566612
R1,500 mg q12h,13.75,10.643937069911228
R1,500 mg q12h,13.8,10.649490321940796
R1,500 mg q12h,13.85,10.64968712194517
R1,500 mg q12h,13.9,10.644870120612486
R1,500 mg q12h,13.95,10.635362397988882
R1,500 mg q12h,14.0,10.621468564022573
R1,500 mg q12h,14.05,10.603475797361243
R1,500 mg q12h,14.1,10.581654825865824
R1,500 mg q12h,14.15,10.556260852109677
R1,500 mg q12h,14.2,10.527534426948725
R1,500 mg q12h,14.25,10.495702274075086
R1,500 mg q12h,14.3,10.460978068303412
R1,500 mg q12h,14.35,10.423563170184934
R1,500 mg q12h,14.4,10.383647319398708
R1,500 mg q12h,14.45,10.341409289232143
R1,500 mg q12h,14.5,10.297017504333231
R1,500 mg q12h,14.55,10.250630623794542
R1,500 mg q12h,14.6,10.202398091513436
R1,500 mg q12h,14.65,10.152460655663957
R1,500 mg q12h,14.7,10.100950859012915
R1,500 mg q12h,14.75,10.047993501715455
R1,500 mg q12h,14.8,9.993706078133776
R1,500 mg q12h,14.85,9.93819918913603
R1,500 mg q12h,14.9,9.881576931250686
R1,500 mg q12h,14.95,9.82393726397466
R1,500 mg q12h,15.0,9.765372356460462
R1,500 mg q12h,15.05,9.705968914739149
R1,500 mg q12h,15.1,9.645808490570786
R1,500 mg q12h,15.15,9.584967772952993
R1,500 mg q12h,15.2,9.523518863260405
R1,500 mg q12h,15.25,9.461529534933113
R1,500 mg q12h,15.3,9.399063478580949
R1,500 mg q12h,15.35,9.336180533321585
R1,500 mg q12h,15.4,9.272936905124727
R1,500 mg q12h,15.45,9.209385372891298
R1,500 mg q12h,15.5,9.145575482955621
R1,500 mg q12h,15.55,9.081553732660046
R1,500 mg q12h,15.6,9.01736374361504
R1,500 mg q12h,15.65,8.953046425223349
R1,500 mg q12h,15.7,8.888640129014458
R1,500 mg q12h,15.75,8.82418079430482
R1,500 mg q12h,15.8,8.759702085670572
R1,500 mg q12h,15.85,8.695235522692006
R1,500 mg q12h,15.9,8.630810602403399
R1,500 mg q12h,15.95,8.566454914857482
R1,500 mg q12h,16.0,8.502194252190789
R1,500 mg q12h,16.05,8.438052711554622
R1,500 mg q12h,16.1,8.374052792255698
R1,500 mg q12h,16.15,8.310215487431478
R1,500 mg q12h,16.2,8.246560370566737
R1,500 mg q12h,16.25,8.183105677140933
R1,500 mg q12h,16.3,8.11986838167952
R1,500 mg q12h,16.35,8.056864270467138
R1,500 mg q12h,16.4,7.9941080101661335
R1,500 mg q12h,16.45,7.931613212570163
R1,500 mg q12h,16.5,7.869392495709797
R1,500 mg q12h,16.55,7.8074575415148395
R1,500 mg q12h,16.6,7.74581915022661
R1,500 mg q12h,16.65,7.684487291742613
R1,500 mg q12h,16.7,7.6234711540657205
R1,500 mg q12h,16.75,7.562779189020484
R1,500 mg q12h,16.8,7.502419155389865
R1,500 mg q12h,16.85,7.44239815961725
R1,500 mg q12h,16.9,7.382722694210434
R1,500 mg q12h,16.95,7.323398673976514
R1,500 mg q12h,17.0,7.264431470209581
R1,500 mg q12h,17.05,7.205825942946026
R1,500 mg q12h,17.1,7.14758647139605
R1,500 mg q12h,17.15,7.089716982653748
R1,500 mg q12h,17.2,7.032220978782435
R1,500 mg q12h,17.25,6.975101562366477
R1,500 mg q12h,17.3,6.918361460615729
R1,500 mg q12h,17.35,6.8620030481038725
R1,500 mg q12h,17.4,6.806028368217423
R1,500 mg q12h,17.45,6.750439153387775
R1,500 mg q12h,17.5,6.695236844174733
R1,500 mg q12h,17.55,6.640422607265968
R1,500 mg q12h,17.6,6.585997352453383
R1,500 mg q12h,17.65,6.531961748643843
R1,500 mg q12h,17.7,6.478316238958543
R1,500 mg q12h,17.75,6.4250610549722715
R1,500 mg q12h,17.8,6.372196230140856
R1,500 mg q12h,17.85,6.319721612462496
R1,500 mg q12h,17.9,6.26763687641601
R1,500 mg q12h,17.95,6.215941534216668
R1,500 mg q12h,18.0,6.164634946428039
R1,500 mg q12h,18.05,6.113716331965993
R1,500 mg q12h,18.1,6.0631847775291146
R1,500 mg q12h,18.15,6.013039246487788
R1,500 mg q12h,18.2,5.963278587262396
R1,500 mg q12h,18.25,5.913901541219423
R1,500 mg q12h,18.3,5.864906750112582
R1,500 mg q12h,18.35,5.816292763094572
R1,500 mg q12h,18.4,5.768058043323675
R1,500 mg q12h,18.45,5.720200974187983
R1,500 mg q12h,18.5,5.67271986516885
R1,500 mg q12h,18.55,5.62561295736383
R1,500 mg q12h,18.6,5.578878428688353
R1,500 mg q12h,18.65,5.532514398774233
R1,500 mg q12h,18.7,5.486518933582083
R1,500 mg q12h,18.75,5.440890049743846
R1,500 mg q12h,18.8,5.395625718650574
R1,500 mg q12h,18.85,5.350723870299924
R1,500 mg q12h,18.9,5.306182396916893
R1,500 mg q12h,18.95,5.261999156360592
R1,500 mg q12h,19.0,5.218171975329219
R1,500 mg q12h,19.05,5.174698652374525
R1,500 mg q12h,19.1,5.131576960736665
R1,500 mg q12h,19.15,5.088804651009515
R1,500 mg q12h,19.2,5.046379453646072
R1,500 mg q12h,19.25,5.004299081313035
R1,500 mg q12h,19.3,4.962561231103035
R1,500 mg q12h,19.35,4.921163586612648
R1,500 mg q12h,19.4,4.8801038198937805
R1,500 mg q12h,19.45,4.839379593285588
R1,500 mg q12h,19.5,4.798988561133783
R1,500 mg q12h,19.55,4.758928371403637
R1,500 mg q12h,19.6,4.719196667192789
R1,500 mg q12h,19.65,4.67979108814955
R1,500 mg q12h,19.7,4.640709271802034
R1,500 mg q12h,19.75,4.601948854803302
R1,500 mg q12h,19.8,4.563507474097179
R1,500 mg q12h,19.85,4.525382768009375
R1,500 mg q12h,19.9,4.48757237726814
R1,500 mg q12h,19.95,4.450073945958449
R1,500 mg q12h,20.0,4.412885122413604
R1,500 mg q12h,20.05,4.376003560047747
R1,500 mg q12h,20.1,4.339426918132746
R1,500 mg q12h,20.15,4.3031528625226025
R1,500 mg q12h,20.2,4.2671790663284135
R1,500 mg q12h,20.25,4.231503210546767
R1,500 mg q12h,20.3,4.196122984644175
R1,500 mg q12h,20.35,4.161036087100184
R1,500 mg q12h,20.4,4.126240225911462
R1,500 mg q12h,20.45,4.091733119059179
R1,500 mg q12h,20.5,4.057512494941793
R1,500 mg q12h,20.55,4.023576092775253
R1,500 mg q12h,20.6,3.9899216629624967
R1,500 mg q12h,20.65,3.9565469674340776
R1,500 mg q12h,20.7,3.9234497799615546
R1,500 mg q12h,20.75,3.890627886445299
R1,500 mg q12h,20.8,3.8580790851781637
R1,500 mg q12h,20.85,3.8258011870864728
R1,500 mg q12h,20.9,3.7937920159496628
R1,500 mg q12h,20.95,3.762049408599817
R1,500 mg q12h,21.0,3.7305712151023216
R1,500 mg q12h,21.05,3.6993552989187415
R1,500 mg q12h,21.1,3.668399537052973
R1,500 mg q12h,21.15,3.637701820181699
R1,500 mg q12h,21.2,3.607260052770066
R1,500 mg q12h,21.25,3.577072153173492
R1,500 mg q12h,21.3,3.5471360537264314
R1,500 mg q12h,21.35,3.5174497008188976
R1,500 mg q12h,21.4,3.4880110549614884
R1,500 mg q12h,21.45,3.4588180908396122
R1,500 mg q12h,21.5,3.429868797357608
R1,500 mg q12h,21.55,3.401161177673339
R1,500 mg q12h,21.6,3.3726932492238997
R1,500 mg q12h,21.65,3.3444630437429614
R1,500 mg q12h,21.7,3.316468607270293
R1,500 mg q12h,21.75,3.2887080001539637
R1,500 mg q12h,21.8,3.26117929704568
R1,500 mg q12h,21.85,3.233880586889701
R1,500 mg q12h,21.9,3.206809972905755
R1,500 mg q12h,21.95,3.1799655725663403
R1,500 mg q12h,22.0,3.1533455175687974
R1,500 mg q12h,22.05,3.1269479538024743
R1,500 mg q12h,22.1,3.1007710413113316
R1,500 mg q12h,22.15,3.0748129542523035
R1,500 mg q12h,22.2,3.0490718808496724
R1,500 mg q12h,22.25,3.0235460233457867
R1,500 mg q12h,22.3,2.998233597948329
R1,500 mg q12h,22.35,2.9731328347743995
R1,500 mg q12h,22.4,2.9482419777916595
R1,500 mg q12h,22.45,2.9235592847567173
R1,500 mg q12h,22.5,2.8990830271510037
R1,500 mg q12h,22.55,2.874811490114285
R1,500 mg q12h,22.6,2.8507429723760267
R1,500 mg q12h,22.65,2.8268757861847686
R1,500 mg q12h,22.7,2.803208257235657
R1,500 mg q12h,22.75,2.77973872459632
R1,500 mg q12h,22.8,2.756465540631191
R1,500 mg q12h,22.85,2.7333870709244303
R1,500 mg q12h,22.9,2.710501694201582
R1,500 mg q12h,22.95,2.687807802250051
R1,500 mg q12h,23.0,2.665303799838566
R1,500 mg q12h,23.05,2.6429881046356702
R1,500 mg q12h,23.1,2.6208591471273848
R1,500 mg q12h,23.15,2.5989153705341184
R1,500 mg q12h,23.2,2.5771552307269086
R1,500 mg q12h,23.25,2.555577196143096
R1,500 mg q12h,23.3,2.5341797477014723
R1,500 mg q12h,23.35,2.512961378717015
R1,500 mg q12h,23.4,2.491920594815246
R1,500 mg q12h,23.45,2.4710559138462873
R1,500 mg q12h,23.5,2.4503658657986866
R1,500 mg q12h,23.55,2.429848992713049
R1,500 mg q12h,23.6,2.4095038485955307
R1,500 mg q12h,23.65,2.389328999331258
R1,500 mg q12h,23.7,2.369323022597703
R1,500 mg q12h,23.75,2.3494845077780653
R1,500 mg q12h,23.8,2.3298120558747004
R1,500 mg q12h,23.85,2.3103042794226267
R1,500 mg q12h,23.9,2.290959802403159
R1,500 mg q12h,23.95,2.2717772601576796
R1,500 mg q12h,24.0,2.2527552993016084
R1,500 mg q12h,24.05,2.947692393379605
R1,500 mg q12h,24.1,3.596778303680723
R1,500 mg q12h,24.15,4.202642090499435
R1,500 mg q12h,24.2,4.767764886120119
R1,500 mg q12h,24.25,5.294488195114526
R1,500 mg q12h,24.3,5.78502172909953
R1,500 mg q12h,24.35,6.2414508020636745
R1,500 mg q12h,24.4,6.665743310907741
R1,500 mg q12h,24.45,7.059756324462185
R1,500 mg q12h,24.5,7.4252423029391075
R1,500 mg q12h,24.55,7.763854968546015
R1,500 mg q12h,24.6,8.07715484682514
R1,500 mg q12h,24.65,8.366614497185394
R1,500 mg q12h,24.7,8.633623450058474
R1,500 mg q12h,24.75,8.879492867132399
R1,500 mg q12h,24.8,9.105459940193871
R1,500 mg q12h,24.85,9.312692043239046
R1,500 mg q12h,24.9,9.502290651690519
R1,500 mg q12h,24.95,9.675295041782276
R1,500 mg q12h,25.0,9.832685782441501
R1,500 mg q12h,25.05,9.975388031305211
R1,500 mg q12h,25.1,10.104274645856412
R1,500 mg q12h,25.15,10.2201691200489
R1,500 mg q12h,25.2,10.323848356207968
R1,500 mg q12h,25.25,10.416045281445502
R1,500 mg q12h,25.3,10.497451317309917
R1,500 mg q12h,25.35,10.56871871090211
R1,500 mg q12h,25.4,10.630462735227136
R1,500 mg q12h,25.45,10.683263766115516
R1,500 mg q12h,25.5,10.727669242636695
R1,500 mg q12h,25.55,10.764195517539108
R1,500 mg q12h,25.6,10.793329603884633
R1,500 mg q12h,25.65,10.815530823699486
R1,500 mg q12h,25.7,10.831232364136932
R1,500 mg q12h,25.75,10.840842746339069
R1,500 mg q12h,25.8,10.844747211894079
R1,500 mg q12h,25.85,10.84330903151058
R1,500 mg q12h,25.9,10.83687074027167
R1,500 mg q12h,25.95,10.825755303586458
R1,500 mg q12h,26.0,10.81026721772605
R1,500 mg q12h,26.05,10.790693548612886
R1,500 mg q12h,26.1,10.76730491232656
R1,500 mg q12h,26.15,10.740356400595102
R1,500 mg q12h,26.2,10.710088454357251
R1,500 mg q12h,26.25,10.676727688308342
R1,500 mg q12h,26.3,10.64048766917892
R1,500 mg q12h,26.35,10.601569650341157
R1,500 mg q12h,26.4,10.560163265192509
R1,500 mg q12h,26.45,10.516447181628722
R1,500 mg q12h,26.5,10.470589719788638
R1,500 mg q12h,26.55,10.422749435130768
R1,500 mg q12h,26.6,10.3730756687862
R1,500 mg q12h,26.65,10.32170906702322
R1,500 mg q12h,26.7,10.26878207155617
R1,500 mg q12h,26.75,10.214419382333906
R1,500 mg q12h,26.8,10.158738394351408
R1,500 mg q12h,26.85,10.101849609941649
R1,500 mg q12h,26.9,10.043857027923027
R1,500 mg q12h,26.95,9.984858510900525
R1,500 mg q12h,27.0,9.924946131946074
R1,500 mg q12h,27.05,9.864206501814666
R1,500 mg q12h,27.1,9.802721077788092
R1,500 mg q12h,27.15,9.740566455176833
R1,500 mg q12h,27.2,9.677814642452828
R1,500 mg q12h,27.25,9.61453332093144
R1,500 mg q12h,27.3,9.550786089869142
R1,500 mg q12h,27.35,9.486632697795212
R1,500 mg q12h,27.4,9.422129260849506
R1,500 mg q12h,27.45,9.357328468855261
R1,500 mg q12h,27.5,9.292279779815031
R1,500 mg q12h,27.55,9.227029603479028
R1,500 mg q12h,27.6,9.161621474599032
R1,500 mg q12h,27.65,9.096096216446428
R1,500 mg q12h,27.7,9.030492095140534
R1,500 mg q12h,27.75,8.964844965302833
R1,500 mg q12h,27.8,8.89918840752368
R1,500 mg q12h,27.85,8.83355385810084
R1,500 mg q12h,27.9,8.767970731483434
R1,500 mg q12h,27.95,8.70246653583054
R1,500 mg q12h,28.0,8.637066982070802
R1,500 mg q12h,28.05,8.571796086827607
R1,500 mg q12h,28.1,8.506676269554065
R1,500 mg q12h,28.15,8.441728444202678
R1,500 mg q12h,28.2,8.376972105736316
R1,500 mg q12h,28.25,8.312425411770038
R1,500 mg q12h,28.3,8.24810525961689
R1,500 mg q12h,28.35,8.184027358995644
R1,500 mg q12h,28.4,8.120206300643906
R1,500 mg q12h,28.45,8.056655621066334
R1,500 mg q12h,28.5,7.993387863634943
R1,500 mg q12h,28.55,7.93041463624613
R1,500 mg q12h,28.6,7.867746665727723
R1,500 mg q12h,28.65,7.805393849178465
R1,500 mg q12h,28.7,7.743365302412041
R1,500 mg q12h,28.75,7.681669405668297
R1,500 mg q12h,28.8,7.620313846744896
R1,500 mg q12h,28.85,7.559305661694325
R1,500 mg q12h,28.9,7.498651273222894
R1,500 mg q12h,28.95,7.438356526920696
R1,500 mg q12h,29.0,7.378426725444409
R1,500 mg q12h,29.05,7.318866660767741
R1,500 mg q12h,29.1,7.259680644608134
R1,500 mg q12h,29.15,7.200872537132074
R1,500 mg q12h,29.2,7.142445774035685
R1,500 mg q12h,29.25,7.084403392091861
R1,500 mg q12h,29.3,7.0267480532500635
R1,500 mg q12h,29.35,6.9694820673700315
R1,500 mg q12h,29.4,6.912607413666226
R1,500 mg q12h,29.45,6.856125760935322
R1,500 mg q12h,29.5,6.800038486635256
R1,500 mg q12h,29.55,6.744346694880211
R1,500 mg q12h,29.6,6.689051233412559
R1,500 mg q12h,29.65,6.634152709609205
R1,500 mg q12h,29.7,6.579651505576605
R1,500 mg q12h,29.75,6.525547792385713
R1,500 mg q12h,29.8,6.471841543495154
R1,500 mg q12h,29.85,6.418532547408304
R1,500 mg q12h,29.9,6.365620419607343
R1,500 mg q12h,29.95,6.313104613804908
R1,500 mg q12h,30.0,6.260984432551803
R1,500 mg q12h,30.05,6.209259037236904
R1,500 mg q12h,30.1,6.157927457513505
R1,500 mg q12h,30.15,6.106988600184366
R1,500 mg q12h,30.2,6.0564412575759095
R1,500 mg q12h,30.25,6.006284115430369
R1,500 mg q12h,30.3,5.95651576034297
R1,500 mg q12h,30.35,5.907134686769795
R1,500 mg q12h,30.4,5.85813930363051
R1,500 mg q12h,30.45,5.8095279405287545
R1,500 mg q12h,30.5,5.7612988536118
R1,500 mg q12h,30.55,5.713450231089703
R1,500 mg q12h,30.6,5.665980198433251
R1,500 mg q12h,30.65,5.618886823268764
R1,500 mg q12h,30.7,5.572168119986822
R1,500 mg q12h,30.75,5.525822054081158
R1,500 mg q12h,30.8,5.47984654623282
R1,500 mg q12h,30.85,5.434239476154081
R1,500 mg q12h,30.9,5.388998686205615
R1,500 mg q12h,30.95,5.3441219847997505
R1,500 mg q12h,31.0,5.299607149601943
R1,500 mg q12h,31.05,5.255451930541778
R1,500 mg q12h,31.1,5.21165405264438
R1,500 mg q12h,31.15,5.168211218692323
R1,500 mg q12h,31.2,5.125121111727651
R1,500 mg q12h,31.25,5.0823813974031005
R1,500 mg q12h,31.3,5.039989726191016
R1,500 mg q12h,31.35,4.997943735458056
R1,500 mg q12h,31.4,4.956241051413318
R1,500 mg q12h,31.45,4.914879290937012
R1,500 mg q12h,31.5,4.873856063296556
R1,500 mg q12h,31.55,4.833168971756386
R1,500 mg q12h,31.6,4.792815615087611
R1,500 mg q12h,31.65,4.752793588983176
R1,500 mg q12h,31.7,4.713100487383892
R1,500 mg q12h,31.75,4.673733903720492
R1,500 mg q12h,31.8,4.6346914320763934
R1,500 mg q12h,31.85,4.595970668275795
R1,500 mg q12h,31.9,4.557569210901317
R1,500 mg q12h,31.95,4.5194846622452065
R1,500 mg q12h,32.0,4.481714629197999
R1,500 mg q12h,32.05,4.444256724078083
R1,500 mg q12h,32.1,4.407108565405683
R1,500 mg q12h,32.15,4.370267778624402
R1,500 mg q12h,32.2,4.333731996773307
R1,500 mg q12h,32.25,4.297498861112501
R1,500 mg q12h,32.3,4.261566021704746
R1,500 mg q12h,32.35,4.225931137955769
R1,500 mg q12h,32.4,4.190591879115627
R1,500 mg q12h,32.45,4.155545924743303
R1,500 mg q12h,32.5,4.120790965136819
R1,500 mg q12h,32.55,4.0863247017306925
R1,500 mg q12h,32.6,4.052144847462807
R1,500 mg q12h,32.65,4.018249127112378
R1,500 mg q12h,32.7,3.984635277610705
R1,500 mg q12h,32.75,3.951301048326389
R1,500 mg q12h,32.8,3.918244201326403
R1,500 mg q12h,32.85,3.885462511614527
R1,500 mg q12h,32.9,3.8529537673484615
R1,500 mg q12h,32.95,3.820715770036818
R1,500 mg q12h,33.0,3.788746334717308
R1,500 mg q12h,33.05,3.7570432901171076
R1,500 mg q12h,33.1,3.7256044787965785
R1,500 mg q12h,33.15,3.6944277572772877
R1,500 mg q12h,33.2,3.663510996155254
R1,500 mg q12h,33.25,3.632852080200383
R1,500 mg q12h,33.3,3.60244890844283
R1,500 mg q12h,33.35,3.572299394247184
R1,500 mg q12h,33.4,3.5424014653751676
R1,500 mg q12h,33.45,3.512753064037525
R1,500 mg q12h,33.5,3.483352146935866
R1,500 mg q12h,33.55,3.454196685294968
R1,500 mg q12h,33.6,3.425284664886224
R1,500 mg q12h,33.65,3.3966140860427725
R1,500 mg q12h,33.7,3.3681829636667664
R1,500 mg q12h,33.75,3.3399893272294046
R1,500 mg q12h,33.8,3.312031220764054
R1,500 mg q12h,33.85,3.2843067028530215
R1,500 mg q12h,33.9,3.2568138466083263
R1,500 mg q12h,33.95,3.229550739646854
R1,500 mg q12h,34.0,3.2025154840603376
R1,500 mg q12h,34.05,3.17570619638041
R1,500 mg q12h,34.1,3.1491210075391454
R1,500 mg q12h,34.15,3.1227580628253646
R1,500 mg q12h,34.2,3.0966155218369567
R1,500 mg q12h,34.25,3.07069155842959
R1,500 mg q12h,34.3,3.044984360661949
R1,500 mg q12h,34.35,3.019492130737847
R1,500 mg q12h,34.4,2.9942130849453914
R1,500 mg q12h,34.45,2.9691454535934083
R1,500 mg q12h,34.5,2.944287480945386
R1,500 mg q12h,34.55,2.9196374251510484
R1,500 mg q12h,34.6,2.8951935581758192
R1,500 mg q12h,34.65,2.8709541657283153
R1,500 mg q12h,34.7,2.84691754718598
R1,500 mg q12h,34.75,2.8230820155191214
R1,500 mg q12h,34.8,2.7994458972133667
R1,500 mg q12h,34.85,2.7760075321907665
R1,500 mg q12h,34.9,2.752765273729646
R1,500 mg q12h,34.95,2.729717488383265
R1,500 mg q12h,35.0,2.7068625558975112
R1,500 mg q12h,35.05,2.684198869127608
R1,500 mg q12h,35.1,2.6617248339540307
R1,500 mg q12h,35.15,2.639438869197684
R1,500 mg q12h,35.2,2.6173394065344033
R1,500 mg q12h,35.25,2.595424890408931
R1,500 mg q12h,35.3,2.573693777948357
R1,500 mg q12h,35.35,2.5521445388751745
R1,500 mg q12h,35.4,2.530775655419981
R1,500 mg q12h,35.45,2.509585622233863
R1,500 mg q12h,35.5,2.4885729463005988
R1,500 mg q12h,35.55,2.4677361468486425
R1,500 mg q12h,35.6,2.4470737552630206
R1,500 mg q12h,35.65,2.4265843149971538
R1,500 mg q12h,35.7,2.406266381484631
R1,500 mg q12h,35.75,2.3861185220510364
R1,500 mg q12h,35.8,2.3661393158258015
R1,500 mg q12h,35.85,2.346327353654173
R1,500 mg q12h,35.9,2.3266812380093205
R1,500 mg q12h,35.95,2.3071995829045706
R1,500 mg q12h,36.0,2.28788101380589
R1,500 mg q12h,36.05,2.9825239832855166
R1,500 mg q12h,36.1,3.6313182318358908
R1,500 mg q12h,36.15,4.236892799128733
R1,500 mg q12h,36.2,4.801728796998575
R1,500 mg q12h,36.25,5.32816770973836
R1,500 mg q12h,36.3,5.818419228856152
R1,500 mg q12h,36.35,6.274568648400049
R1,500 mg q12h,36.4,6.698583845497196
R1,500 mg q12h,36.45,7.092321869370142
R1,500 mg q12h,36.5,7.457535160787132
R1,500 mg q12h,36.55,7.795877422674767
R1,500 mg q12h,36.6,8.108909161455804
R1,500 mg q12h,36.65,8.398102917579667
R1,500 mg q12h,36.7,8.664848202677435
R1,500 mg q12h,36.75,8.91045615979383
R1,500 mg q12h,36.8,9.136163962228473
R1,500 mg q12h,36.85,9.34313896564522
R1,500 mg q12h,36.9,9.532482627287802
R1,500 mg q12h,36.95,9.705234205363627
R1,500 mg q12h,37.0,9.862374250924203
R1,500 mg q12h,37.05,10.004827903880585
R1,500 mg q12h,37.1,10.133468004138264
R1,500 mg q12h,37.15,10.24911802822064
R1,500 mg q12h,37.2,10.352554861168615
R1,500 mg q12h,37.25,10.444511412954386
R1,500 mg q12h,37.3,10.525679088130222
R1,500 mg q12h,37.35,10.596710116943191
R1,500 mg q12h,37.4,10.658219755685616
R1,500 mg q12h,37.45,10.710788363615258
R1,500 mg q12h,37.5,10.754963363367551
R1,500 mg q12h,37.55,10.79126109139455
R1,500 mg q12h,37.6,10.820168544598205
R1,500 mg q12h,37.65,10.84214502898011
R1,500 mg q12h,37.7,10.857623715803093
R1,500 mg q12h,37.75,10.867013110451877
R1,500 mg q12h,37.8,10.870698438889214
R1,500 mg q12h,37.85,10.869042956329128
R1,500 mg q12h,37.9,10.862389182489869
R1,500 mg q12h,37.95,10.851060067544351
R1,500 mg q12h,38.0,10.835360092655069
R1,500 mg q12h,38.05,10.815576308762367
R1,500 mg q12h,38.1,10.791979317089181
R1,500 mg q12h,38.15,10.764824194631306
R1,500 mg q12h,38.2,10.734351367718586
R1,500 mg q12h,38.25,10.70078743655981
R1,500 mg q12h,38.3,10.664345953520257
R1,500 mg q12h,38.35,10.625228157727129
R1,500 mg q12h,38.4,10.583623668452203
R1,500 mg q12h,38.45,10.539711139583808
R1,500 mg q12h,38.5,10.49365887737068
R1,500 mg q12h,38.55,10.44562542349752
R1,500 mg q12h,38.6,10.39576010543693
R1,500 mg q12h,38.65,10.344203555913106
R1,500 mg q12h,38.7,10.29108820320969
R1,500 mg q12h,38.75,10.236538733957321
R1,500 mg q12h,38.8,10.180672529944259
R1,500 mg q12h,38.85,10.12360008040734
R1,500 mg q12h,38.9,10.065425371178515
R1,500 mg q12h,38.95,10.006246251985035
R1,500 mg q12h,39.0,9.946154783128948
R1,500 mg q12h,39.05,9.885237562702281
R1,500 mg q12h,39.1,9.823576035429888
R1,500 mg q12h,39.15,9.761246784170467
R1,500 mg q12h,39.2,9.698321805048444
R1,500 mg q12h,39.25,9.634868767135057
R1,500 mg q12h,39.3,9.570951257545174
R1,500 mg q12h,39.35,9.506629012768126
R1,500 mg q12h,39.4,9.441958137004665
R1,500 mg q12h,39.45,9.376991308238876
R1,500 mg q12h,39.5,9.311777972733312
R1,500 mg q12h,39.55,9.24636452859647
R1,500 mg q12h,39.6,9.1807944990359
R1,500 mg q12h,39.65,9.115108695875437
R1,500 mg q12h,39.7,9.049345373882685
R1,500 mg q12h,39.75,8.983540376422498
R1,500 mg q12h,39.8,8.917727272922827
R1,500 mg q12h,39.85,8.851937488612496
R1,500 mg q12h,39.9,8.786200426964406
R1,500 mg q12h,39.95,8.7205435852533
R1,500 mg q12h,40.0,8.654992663614637
R1,500 mg q12h,40.05,8.589571667968986
R1,500 mg q12h,40.1,8.524303007156256
R1,500 mg q12h,40.15,8.459207584604636
R1,500 mg q12h,40.2,8.39430488484079
R1,500 mg q12h,40.25,8.329613055130977
R1,500 mg q12h,40.3,8.26514898252608
R1,500 mg q12h,40.35,8.200928366568633
R1,500 mg q12h,40.4,8.136965787905241
R1,500 mg q12h,40.45,8.073274773034036
R1,500 mg q12h,40.5,8.00986785540432
R1,500 mg q12h,40.55,7.946756633072832
R1,500 mg q12h,40.6,7.883951823110149
R1,500 mg q12h,40.65,7.821463312939475
R1,500 mg q12h,40.7,7.75930020877996
R1,500 mg q12h,40.75,7.697470881357274
R1,500 mg q12h,40.8,7.635983009034547
R1,500 mg q12h,40.85,7.574843618508738
R1,500 mg q12h,40.9,7.514059123208982
R1,500 mg q12h,40.95,7.4536353595258635
R1,500 mg q12h,41.0,7.3935776209936
R1,500 mg q12h,41.05,7.333890690539811
R1,500 mg q12h,41.1,7.274578870911594
R1,500 mg q12h,41.15,7.2156460133802245
R1,500 mg q12h,41.2,7.157095544821076
R1,500 mg q12h,41.25,7.09893049326018
R1,500 mg q12h,41.3,7.0411535119733495
R1,500 mg q12h,41.35,6.983766902219311
R1,500 mg q12h,41.4,6.926772634683545
R1,500 mg q12h,41.45,6.870172369705153
R1,500 mg q12h,41.5,6.813967476355328
R1,500 mg q12h,41.55,6.758159050431722
R1,500 mg q12h,41.6,6.70274793142981
R1,500 mg q12h,41.65,6.647734718548682
R1,500 mg q12h,41.7,6.593119785785427
R1,500 mg q12h,41.75,6.538903296169563
R1,500 mg q12h,41.8,6.485085215185589
R1,500 mg q12h,41.85,6.431665323429531
R1,500 mg q12h,41.9,6.378643228542445
R1,500 mg q12h,41.95,6.326018376461483
R1,500 mg q12h,42.0,6.273790062027099
R1,500 mg q12h,42.05,6.2219574389823515
R1,500 mg q12h,42.1,6.1705195293987485
R1,500 mg q12h,42.15,6.1194752325607595
R1,500 mg q12h,42.2,6.068823333339462
R1,500 mg q12h,42.25,6.01856251008418
R1,500 mg q12h,42.3,5.968691342059125
R1,500 mg q12h,42.35,5.919208316450743
R1,500 mg q12h,42.4,5.870111834969963
R1,500 mg q12h,42.45,5.821400220072026
R1,500 mg q12h,42.5,5.773071720815677
R1,500 mg q12h,42.55,5.725124518381792
R1,500 mg q12h,42.6,5.6775567312708315
R1,500 mg q12h,42.65,5.630366420197171
R1,500 mg q12h,42.7,5.583551592697309
R1,500 mg q12h,42.75,5.537110207468305
R1,500 mg q12h,42.8,5.491040178451429
R1,500 mg q12h,42.85,5.44533937867561
R1,500 mg q12h,42.9,5.4000056438741595
R1,500 mg q12h,42.95,5.3550367758875215
R1,500 mg q12h,43.0,5.310430545864307
R1,500 mg q12h,43.05,5.266184697271818
R1,500 mg q12h,43.1,5.222296948727003
R1,500 mg q12h,43.15,5.178764996657935
R1,500 mg q12h,43.2,5.135586517805349
R1,500 mg q12h,43.25,5.092759171573457
R1,500 mg q12h,43.3,5.050280602238377
R1,500 mg q12h,43.35,5.008148441022436
R1,500 mg q12h,43.4,4.966360308041854
R1,500 mg q12h,43.45,4.924913814134975
R1,500 mg q12h,43.5,4.883806562577951
R1,500 mg q12h,43.55,4.84303615069411
R1,500 mg q12h,43.6,4.802600171363201
R1,500 mg q12h,43.65,4.762496214436149
R1,500 mg q12h,43.7,4.722721868060654
R1,500 mg q12h,43.75,4.68327471992286
R1,500 mg q12h,43.8,4.644152358409681
R1,500 mg q12h,43.85,4.6053523736965145
R1,500 mg q12h,43.9,4.566872358764491
R1,500 mg q12h,43.95,4.528709910351264
R1,500 mg q12h,44.0,4.49086262983929
R1,500 mg q12h,44.05,4.453328124084994
R1,500 mg q12h,44.1,4.416104006192378
R1,500 mg q12h,44.15,4.379187896234176
R1,500 mg q12h,44.2,4.3425774219235524
R1,500 mg q12h,44.25,4.306270219239313
R1,500 mg q12h,44.3,4.270263933007138
R1,500 mg q12h,44.35,4.23455621743953
R1,500 mg q12h,44.4,4.1991447366368035
R1,500 mg q12h,44.45,4.1640271650513245
R1,500 mg q12h,44.5,4.129201187917251
R1,500 mg q12h,44.55,4.094664501647646
R1,500 mg q12h,44.6,4.060414814200983
R1,500 mg q12h,44.65,4.026449845418761
R1,500 mg q12h,44.7,3.9927673273359114
R1,500 mg q12h,44.75,3.9593650044656648
R1,500 mg q12h,44.8,3.926240634060281
R1,500 mg q12h,44.85,3.893391986349143
R1,500 mg q12h,44.9,3.8608168447555307
R1,500 mg q12h,44.95,3.8285130060932824
R1,500 mg q12h,45.0,3.796478280744643
R1,500 mg q12h,45.05,3.7647104928203103
R1,500 mg q12h,45.1,3.7332074803028186
R1,500 mg q12h,45.15,3.7019670951742425
R1,500 mg q12h,45.2,3.6709872035291182
R1,500 mg q12h,45.25,3.6402656856735645
R1,500 mg q12h,45.3,3.6098004362113243
R1,500 mg q12h,45.35,3.5795893641176395
R1,500 mg q12h,45.4,3.549630392801642
R1,500 mg q12h,45.45,3.5199214601579283
R1,500 mg q12h,45.5,3.490460518608104
R1,500 mg q12h,45.55,3.4612455351327793
R1,500 mg q12h,45.6,3.43227449129472
R1,500 mg q12h,45.65,3.4035453832536775
R1,500 mg q12h,45.7,3.375056221773363
R1,500 mg q12h,45.75,3.3468050322211873
R1,500 mg q12h,45.8,3.3187898545610928
R1,500 mg q12h,45.85,3.2910087433400363
R1,500 mg q12h,45.9,3.2634597676684765
R1,500 mg q12h,45.95,3.2361410111952464
R1,500 mg q12h,46.0,3.2090505720772526
R1,500 mg q12h,46.05,3.1821865629442496
R1,500 mg q12h,46.1,3.1555471108591053
R1,500 mg q12h,46.15,3.1291303572738345
R1,500 mg q12h,46.2,3.102934457981645
R1,500 mg q12h,46.25,3.0769575830653855
R1,500 mg q12h,46.3,3.0511979168425087
R1,500 mg q12h,46.35,3.0256536578069255
R1,500 mg q12h,46.4,3.000323018567908
R1,500 mg q12h,46.45,2.9752042257862468
R1,500 mg q12h,46.5,2.950295520107944
R1,500 mg q12h,46.55,2.9255951560955293
R1,500 mg q12h,46.6,2.901101402157268
R1,500 mg q12h,46.65,2.8768125404744036
R1,500 mg q12h,46.7,2.852726866926545
R1,500 mg q12h,46.75,2.8288426910154527
R1,500 mg q12h,46.8,2.805158335787251
R1,500 mg q12h,46.85,2.781672137753289
R1,500 mg q12h,46.9,2.758382446809748
R1,500 mg q12h,46.95,2.735287626156065
R1,500 mg q12h,47.0,2.7123860522123895
R1,500 mg q12h,47.05,2.689676114536052
R1,500 mg q12h,47.1,2.667156215737253
R1,500 mg q12h,47.15,2.6448247713940027
R1,500 mg q12h,47.2,2.6226802099663997
R1,500 mg q12h,47.25,2.6007209727103726
R1,500 mg q12h,47.3,2.5789455135909027
R1,500 mg q12h,47.35,2.55735229919485
R1,500 mg q12h,47.4,2.535939808643437
R1,500 mg q12h,47.45,2.5147065335044085
R1,500 mg q12h,47.5,2.4936509777040228
R1,500 mg q12h,47.55,2.4727716574388134
R1,500 mg q12h,47.6,2.4520671010872768
R1,500 mg q12h,47.65,2.4315358491214747
R1,500 mg q12h,47.7,2.411176454018605
R1,500 mg q12h,47.75,2.390987480172616
R1,500 mg q12h,47.8,2.370967503805849
R1,500 mg q12h,47.85,2.3511151128808043
R1,500 mg q12h,47.9,2.3314289070120435
R1,500 mg q12h,47.95,2.3119074973782228
R1,500 mg q12h,48.0,2.292549506634373
R1,500 mg q12h,48.05,2.987153384565334
R1,500 mg q12h,48.1,3.635908868899489
R1,500 mg q12h,48.15,4.241444996567646
R1,500 mg q12h,48.2,4.8062428766863725
R1,500 mg q12h,48.25,5.33264399085341
R1,500 mg q12h,48.3,5.822858027904188
R1,500 mg q12h,48.35,6.27897027923655
R1,500 mg q12h,48.4,6.702948619349575
R1,500 mg q12h,48.45,7.096650094859756
R1,500 mg q12h,48.5,7.4618271439510995
R1,500 mg q12h,48.55,7.800133466987613
R1,500 mg q12h,48.6,8.113129567850912
R1,500 mg q12h,48.65,8.402287984470563
R1,500 mg q12h,48.7,8.66899822597888
R1,500 mg q12h,48.75,8.91457143294275
R1,500 mg q12h,48.8,9.140244776204703
R1,500 mg q12h,48.85,9.347185608992083
R1,500 mg q12h,48.9,9.536495386132508
R1,500 mg q12h,48.95,9.7092133634375
R1,500 mg q12h,49.0,9.866320089582752
R1,500 mg q12h,49.05,10.00874070212339
R1,500 mg q12h,49.1,10.137348038628708
R1,500 mg q12h,49.15,10.25296557330547
R1,500 mg q12h,49.2,10.356370188897342
R1,500 mg q12h,49.25,10.448294793098515
R1,500 mg q12h,49.3,10.529430788202333
R1,500 mg q12h,49.35,10.60043040221585
R1,500 mg q12h,49.4,10.661908889210135
R1,500 mg q12h,49.45,10.714446606240294
R1,500 mg q12h,49.5,10.758590973757547
R1,500 mg q12h,49.55,10.794858326048026
R1,500 mg q12h,49.6,10.823735657865896
R1,500 mg q12h,49.65,10.84568227308295
R1,500 mg q12h,49.7,10.861131340850049
R1,500 mg q12h,49.75,10.870491364457628
R1,500 mg q12h,49.8,10.874147567791699
R1,500 mg q12h,49.85,10.872463204006923
R1,500 mg q12h,49.9,10.865780790779436
R1,500 mg q12h,49.95,10.854423276257144
R1,500 mg q12h,50.0,10.838695139594481
R1,500 mg q12h,50.05,10.818883429740547
R1,500 mg q12h,50.1,10.795258745943713
R1,500 mg q12h,50.15,10.768076163241735
R1,500 mg q12h,50.2,10.73757610602282
R1,500 mg q12h,50.25,10.703985172570373
R1,500 mg q12h,50.3,10.667516913340416
R1,500 mg q12h,50.35,10.628372565566877
R1,500 mg q12h,50.4,10.586741746644117
R1,500 mg q12h,50.45,10.542803108598765
R1,500 mg q12h,50.5,10.496724955833447
R1,500 mg q12h,50.55,10.448665828202216
R1,500 mg q12h,50.6,10.398775051362348
R1,500 mg q12h,50.65,10.34719325623792
R1,500 mg q12h,50.7,10.294052869327526
R1,500 mg q12h,50.75,10.239478575491706
R1,500 mg q12h,50.8,10.183587754763435
R1,500 mg q12h,50.85,10.126490894638971
R1,500 mg q12h,50.9,10.06829197922426
R1,500 mg q12h,50.95,10.009088856534996
R1,500 mg q12h,51.0,9.948973585176006
R1,500 mg q12h,51.05,9.888032761556307
R1,500 mg q12h,51.1,9.826347828731832
R1,500 mg q12h,51.15,9.763995367906343
R1,500 mg q12h,51.2,9.701047373563172
R1,500 mg q12h,51.25,9.637571513146217
R1,500 mg q12h,51.3,9.573631372156628
R1,500 mg q12h,51.35,9.50928668548353
R1,500 mg q12h,51.4,9.444593555740873
R1,500 mg q12h,51.45,9.379604659339218
R1,500 mg q12h,51.5,9.314369440980776
R1,500 mg q12h,51.55,9.248934297226771
R1,500 mg q12h,51.6,9.183342749750427
R1,500 mg q12h,51.65,9.117635608854108
R1,500 mg q12h,51.7,9.051851127796684
R1,500 mg q12h,51.75,8.98602514844691
R1,500 mg q12h,51.8,8.92019123874916
R1,500 mg q12h,51.85,8.854380822461113
R1,500 mg q12h,51.9,8.788623301596836
R1,500 mg q12h,51.95,8.722946171984452
R1,500 mg q12h,52.0,8.657375132324928
R1,500 mg q12h,52.05,8.591934187116335
R1,500 mg q12h,52.1,8.526645743788002
R1,500 mg q12h,52.15,8.46153070436935
R1,500 mg q12h,52.2,8.39660855199999
R1,500 mg q12h,52.25,8.331897432570738
R1,500 mg q12h,52.3,8.267414231768553
R1,500 mg q12h,52.35,8.203174647783468
R1,500 mg q12h,52.4,8.139193259920908
R1,500 mg q12h,52.45,8.075483593349059
R1,500 mg q12h,52.5,8.012058180198407
R1,500 mg q12h,52.55,7.9489286172179305
R1,500 mg q12h,52.6,7.886105620181381
R1,500 mg q12h,52.65,7.82359907522601
R1,500 mg q12h,52.7,7.761418087295773
R1,500 mg q12h,52.75,7.699571025851828
R1,500 mg q12h,52.8,7.63806556800338
R1,500 mg q12h,52.85,7.576908739203963
R1,500 mg q12h,52.9,7.516106951649699
R1,500 mg q12h,52.95,7.4556660405084845
R1,500 mg q12h,53.0,7.395591298102087
R1,500 mg q12h,53.05,7.335887506155825
R1,500 mg q12h,53.1,7.276558966224569
R1,500 mg q12h,53.15,7.217609528397345
R1,500 mg q12h,53.2,7.15904261837718
R1,500 mg q12h,53.25,7.100861263027573
R1,500 mg q12h,53.3,7.043068114471541
R1,500 mg q12h,53.35,6.985665472824666
R1,500 mg q12h,53.4,6.9286553076388575
R1,500 mg q12h,53.45,6.872039278129137
R1,500 mg q12h,53.5,6.815818752252029
R1,500 mg q12h,53.55,6.759994824699853
R1,500 mg q12h,53.6,6.704568333872006
R1,500 mg q12h,53.65,6.649539877880675
R1,500 mg q12h,53.7,6.594909829645154
R1,500 mg q12h,53.75,6.540678351126184
R1,500 mg q12h,53.8,6.486845406748441
R1,500 mg q12h,53.85,6.4334107760569985
R1,500 mg q12h,53.9,6.380374065650763
R1,500 mg q12h,53.95,6.327734720433464
R1,500 mg q12h,54.0,6.275492034220785
R1,500 mg q12h,54.05,6.2236451597395925
R1,500 mg q12h,54.1,6.172193118053716
R1,500 mg q12h,54.15,6.121134807448382
R1,500 mg q12h,54.2,6.070469011803792
R1,500 mg q12h,54.25,6.020194408486691
R1,500 mg q12h,54.3,5.97030957578694
R1,500 mg q12h,54.35,5.920812999924795
R1,500 mg q12h,54.4,5.871703081653079
R1,500 mg q12h,54.45,5.822978142476957
R1,500 mg q12h,54.5,5.774636430513049
R1,500 mg q12h,54.55,5.726676126007996
R1,500 mg q12h,54.6,5.679095346535849
R1,500 mg q12h,54.65,5.631892151892325
R1,500 mg q12h,54.7,5.585064548702963
R1,500 mg q12h,54.75,5.538610494761487
R1,500 mg q12h,54.8,5.4925279031133964
R1,500 mg q12h,54.85,5.44681464589935
R1,500 mg q12h,54.9,5.401468557971828
R1,500 mg q12h,54.95,5.35648744029782
R1,500 mg q12h,55.0,5.311869063159791
R1,500 mg q12h,55.05,5.267611169166158
R1,500 mg q12h,55.1,5.223711476082167
R1,500 mg q12h,55.15,5.180167679491329
R1,500 mg q12h,55.2,5.136977455296883
R1,500 mg q12h,55.25,5.094138462072558
R1,500 mg q12h,55.3,5.051648343270949
R1,500 mg q12h,55.35,5.009504729297746
R1,500 mg q12h,55.4,4.967705239459381
R1,500 mg q12h,55.45,4.926247483791181
R1,500 mg q12h,55.5,4.885129064773013
R1,500 mg q12h,55.55,4.844347578938581
R1,500 mg q12h,55.6,4.803900618384625
R1,500 mg q12h,55.65,4.763785772185619
R1,500 mg q12h,55.7,4.724000627719311
R1,500 mg q12h,55.75,4.684542771908342
R1,500 mg q12h,55.8,4.645409792382514
R1,500 mg q12h,55.85,4.606599278566456
R1,500 mg q12h,55.9,4.5681088226968125
R1,500 mg q12h,55.95,4.529936020772985
R1,500 mg q12h,56.0,4.492078473445364
R1,500 mg q12h,56.05,4.454533786844435
R1,500 mg q12h,56.1,4.417299573354339
R1,500 mg q12h,56.15,4.380373452333977
R1,500 mg q12h,56.2,4.343753050788662
R1,500 mg q12h,56.25,4.307436003995267
R1,500 mg q12h,56.3,4.271419956083425
R1,500 mg q12h,56.35,4.235702560575414
R1,500 mg q12h,56.4,4.20028148088711
R1,500 mg q12h,56.45,4.165154390792164
R1,500 mg q12h,56.5,4.130318974851709
R1,500 mg q12h,56.55,4.095772928811413
R1,500 mg q12h,56.6,4.061513959967947
R1,500 mg q12h,56.65,4.027539787506547
R1,500 mg q12h,56.7,3.993848142811377
R1,500 mg q12h,56.75,3.960436769750349
R1,500 mg q12h,56.8,3.927303424935809
R1,500 mg q12h,56.85,3.894445877962584
R1,500 mg q12h,56.9,3.861861911624711
R1,500 mg q12h,56.95,3.829549322112054
R1,500 mg q12h,57.0,3.7975059191881098
R1,500 mg q12h,57.05,3.7657295263500075
R1,500 mg q12h,57.1,3.7342179809718514
R1,500 mg q12h,57.15,3.7029691344323803
R1,500 mg q12h,57.2,3.6719808522278483
R1,500 mg q12h,57.25,3.6412510140710985
R1,500 mg q12h,57.3,3.610777513977569
R1,500 mg q12h,57.35,3.5805582603391226
R1,500 mg q12h,57.4,3.550591175986394
R1,500 mg q12h,57.45,3.520874198240331
R1,500 mg q12h,57.5,3.4914052789536907
R1,500 mg q12h,57.55,3.4621823845429986
R1,500 mg q12h,57.6,3.4332034960116613
R1,500 mg q12h,57.65,3.4044666089647517
R1,500 mg q12h,57.7,3.3759697336159493
R1,500 mg q12h,57.75,3.347710894787238
R1,500 mg q12h,57.8,3.3196881319016995
R1,500 mg q12h,57.85,3.2918994989699613
R1,500 mg q12h,57.9,3.2643430645706415
R1,500 mg q12h,57.95,3.237016911825187
R1,500 mg q12h,58.0,3.209919138367534
R1,500 mg q12h,58.05,3.1830478563088453
R1,500 mg q12h,58.1,3.15640119219774
R1,500 mg q12h,58.15,3.12997728697629
R1,500 mg q12h,58.2,3.1037742959320314
R1,500 mg q12h,58.25,3.0777903886463718
R1,500 mg q12h,58.3,3.052023748939526
R1,500 mg q12h,58.35,3.026472574812329
R1,500 mg q12h,58.4,3.001135078385104
R1,500 mg q12h,58.45,2.976009485833789
R1,500 mg q12h,58.5,2.9510940373235934
R1,500 mg q12h,58.55,2.9263869869402783
R1,500 mg q12h,58.6,2.9018866026193346
R1,500 mg q12h,58.65,2.8775911660731897
R1,500 mg q12h,58.7,2.8534989727165607
R1,500 mg q12h,58.75,2.8296083315902107
R1,500 mg q12h,58.8,2.805917565283126
R1,500 mg q12h,58.85,2.782425009853345
R1,500 mg q12h,58.9,2.7591290147475362
R1,500 mg q12h,58.95,2.736027942719385
R1,500 mg q12h,59.0,2.713120169747024
R1,500 mg q12h,59.05,2.690404084949467
R1,500 mg q12h,59.1,2.667878090502267
R1,500 mg q12h,59.15,2.6455406015524288
R1,500 mg q12h,59.2,2.6233900461326525
R1,500 mg q12h,59.25,2.601424865075048
R1,500 mg q12h,59.3,2.579643511924327
R1,500 mg q12h,59.35,2.5580444528505972
R1,500 mg q12h,59.4,2.5366261665618204
R1,500 mg q12h,59.45,2.515387144215941
R1,500 mg q12h,59.5,2.494325889332847
R1,500 mg q12h,59.55,2.473440917706106
R1,500 mg q12h,59.6,2.4527307573146206
R1,500 mg q12h,59.65,2.432193948234208
R1,500 mg q12h,59.7,2.411829042549136
R1,500 mg q12h,59.75,2.391634604263715
R1,500 mg q12h,59.8,2.37160920921391
R1,500 mg q12h,59.85,2.351751444979082
R1,500 mg q12h,59.9,2.332059910793861
R1,500 mg q12h,59.95,2.3125332174601496
R1,500 mg q12h,60.0,2.2931699872593843
R1,500 mg q12h,60.05,2.987768669605938
R1,500 mg q12h,60.1,3.636519001860826
R1,500 mg q12h,60.15,4.242050020590567
R1,500 mg q12h,60.2,4.806842834550492
R1,500 mg q12h,60.25,5.333238924980126
R1,500 mg q12h,60.3,5.823447980359684
R1,500 mg q12h,60.35,6.279555291734768
R1,500 mg q12h,60.4,6.703528733255167
R1,500 mg q12h,60.45,7.097225351191007
R1,500 mg q12h,60.5,7.462397583382831
R1,500 mg q12h,60.55,7.800699129854053
R1,500 mg q12h,60.6,8.113690494148553
R1,500 mg q12h,60.65,8.402844213860986
R1,500 mg q12h,60.7,8.66954979779156
R1,500 mg q12h,60.75,8.915118386177841
R1,500 mg q12h,60.8,9.140787149535788
R1,500 mg q12h,60.85,9.347723440768913
R1,500 mg q12h,60.9,9.537028714383712
R1,500 mg q12h,60.95,9.709742225873281
R1,500 mg q12h,61.0,9.86684452359754
R1,500 mg q12h,61.05,10.009260744798496
R1,500 mg q12h,61.1,10.137863726734945
R1,500 mg q12h,61.15,10.253476943305749
R1,500 mg q12h,61.2,10.356877276949252
R1,500 mg q12h,61.25,10.44879763505688
R1,500 mg q12h,61.3,10.529929419621748
R1,500 mg q12h,61.35,10.600924858353197
R1,500 mg q12h,61.4,10.66239920502707
R1,500 mg q12h,61.45,10.714932816405721
R1,500 mg q12h,61.5,10.759073112650071
R1,500 mg q12h,61.55,10.795336427758386
R1,500 mg q12h,61.6,10.824209756199373
R1,500 mg q12h,61.65,10.846152401561751
R1,500 mg q12h,61.7,10.86159753271569
R1,500 mg q12h,61.75,10.870953652673276
R1,500 mg q12h,61.8,10.8746059850445
R1,500 mg q12h,61.85,10.872917782710324
R1,500 mg q12h,61.9,10.866231563075468
R1,500 mg q12h,61.95,10.854870274018696
R1,500 mg q12h,62.0,10.839138394427557
R1,500 mg q12h,62.05,10.819322972986498
R1,500 mg q12h,62.1,10.795694608681453
R1,500 mg q12h,62.15,10.768508376289939
R1,500 mg q12h,62.2,10.738004699942104
R1,500 mg q12h,62.25,10.704410177665453
R1,500 mg q12h,62.3,10.667938359662255
R1,500 mg q12h,62.35,10.628790482914805
R1,500 mg q12h,62.4,10.587156164567938
R1,500 mg q12h,62.45,10.54321405640085
R1,500 mg q12h,62.5,10.497132462570805
R1,500 mg q12h,62.55,10.449069922688544
R1,500 mg q12h,62.6,10.399175762170078
R1,500 mg q12h,62.65,10.347590611700229
R1,500 mg q12h,62.7,10.294446897540341
R1,500 mg q12h,62.75,10.239869304315699
R1,500 mg q12h,62.8,10.183975211825983
R1,500 mg q12h,62.85,10.126875107336117
R1,500 mg q12h,62.9,10.068672974722642
R1,500 mg q12h,62.95,10.009466661773779
R1,500 mg q12h,63.0,9.949348226868775
R1,500 mg q12h,63.05,9.888404266192964
R1,500 mg q12h,63.1,9.826716222580464
R1,500 mg q12h,63.15,9.764360677015084
R1,500 mg q12h,63.2,9.70140962376204
R1,500 mg q12h,63.25,9.637930730048943
R1,500 mg q12h,63.3,9.57398758116247
R1,500 mg q12h,63.35,9.509639911779065
R1,500 mg q12h,63.4,9.444943824301774
R1,500 mg q12h,63.45,9.379951994932028
R1,500 mg q12h,63.5,9.314713868164658
R1,500 mg q12h,63.55,9.249275840355237
R1,500 mg q12h,63.6,9.18368143297307
R1,500 mg q12h,63.65,9.117971456118303
R1,500 mg q12h,63.7,9.052184162849283
R1,500 mg q12h,63.75,8.986355394835918
R1,500 mg q12h,63.8,8.920518719825408
R1,500 mg q12h,63.85,8.854705561379904
R1,500 mg q12h,63.9,8.788945321319577
R1,500 mg q12h,63.95,8.723265495280291
R1,500 mg q12h,64.0,8.65769178177235
R1,500 mg q12h,64.05,8.592248185104765
R1,500 mg q12h,64.1,8.5269571125194
R1,500 mg q12h,64.15,8.461839465859729
R1,500 mg q12h,64.2,8.396914728081066
R1,500 mg q12h,64.25,8.332201044891386
R1,500 mg q12h,64.3,8.267715301796379
R1,500 mg q12h,64.35,8.203473196806328
R1,500 mg q12h,64.4,8.139489309048372
R1,500 mg q12h,64.45,8.075777163513983
R1,500 mg q12h,64.5,8.012349292158337
R1,500 mg q12h,64.55,7.949217291556604
R1,500 mg q12h,64.6,7.88639187731019
R1,500 mg q12h,64.65,7.823882935385394
R1,500 mg q12h,64.7,7.761699570556746
R1,500 mg q12h,64.75,7.6998501521173
R1,500 mg q12h,64.8,7.6383423570096145
R1,500 mg q12h,64.85,7.57718321052197
R1,500 mg q12h,64.9,7.516379124686576
R1,500 mg q12h,64.95,7.455935934508879
R1,500 mg q12h,65.0,7.395858932149465
R1,500 mg q12h,65.05,7.336152899173867
R1,500 mg q12h,65.1,7.276822136978505
R1,500 mg q12h,65.15,7.2178704954952435
R1,500 mg q12h,65.2,7.1593014002713415
R1,500 mg q12h,65.25,7.101117878015758
R1,500 mg q12h,65.3,7.043322580698303
R1,500 mg q12h,65.35,6.985917808282631
R1,500 mg q12h,65.4,6.928905530169958
R1,500 mg q12h,65.45,6.872287405425956
R1,500 mg q12h,65.5,6.816064801858969
R1,500 mg q12h,65.55,6.760238814014417
R1,500 mg q12h,65.6,6.704810280146026
R1,500 mg q12h,65.65,6.649779798221495
R1,500 mg q12h,65.7,6.595147741016915
R1,500 mg q12h,65.75,6.540914270350949
R1,500 mg q12h,65.8,6.487079350507419
R1,500 mg q12h,65.85,6.433642760891729
R1,500 mg q12h,65.9,6.380604107964243
R1,500 mg q12h,65.95,6.327962836491387
R1,500 mg q12h,66.0,6.275718240152611
R1,500 mg q12h,66.05,6.223869471539732
R1,500 mg q12h,66.1,6.172415551582658
R1,500 mg q12h,66.15,6.121355378433778
R1,500 mg q12h,66.2,6.070687735841641
R1,500 mg q12h,66.25,6.020411301042372
R1,500 mg q12h,66.3,5.970524652196338
R1,500 mg q12h,66.35,5.921026275395388
R1,500 mg q12h,66.4,5.871914571264978
R1,500 mg q12h,66.45,5.823187861184044
R1,500 mg q12h,66.5,5.774844393143958
R1,500 mg q12h,66.55,5.726882347267202
R1,500 mg q12h,66.6,5.679299841004706
R1,500 mg q12h,66.65,5.632094934030065
R1,500 mg q12h,66.7,5.585265632847781
R1,500 mg q12h,66.75,5.538809895131493
R1,500 mg q12h,66.8,5.492725633807652
R1,500 mg q12h,66.85,5.447010720898863
R1,500 mg q12h,66.9,5.401662991140514
R1,500 mg q12h,66.95,5.356680245383541
R1,500 mg q12h,67.0,5.312060253795267
R1,500 mg q12h,67.05,5.267800758869962
R1,500 mg q12h,67.1,5.223899478259681
R1,500 mg q12h,67.15,5.180354107435658
R1,500 mg q12h,67.2,5.137162322189862
R1,500 mg q12h,67.25,5.09432178098562
R1,500 mg q12h,67.3,5.0518301271660775
R1,500 mg q12h,67.35,5.009684991028396
R1,500 mg q12h,67.4,4.9678839917713535
R1,500 mg q12h,67.45,4.926424739323587
R1,500 mg q12h,67.5,4.885304836059104
R1,500 mg q12h,67.55,4.84452187840667
R1,500 mg q12h,67.6,4.804073458358962
R1,500 mg q12h,67.65,4.763957164887236
R1,500 mg q12h,67.7,4.724170585266938
R1,500 mg q12h,67.75,4.684711306319212
R1,500 mg q12h,67.8,4.6455769155732405
R1,500 mg q12h,67.85,4.606765002353873
R1,500 mg q12h,67.9,4.568273158798782
R1,500 mg q12h,67.95,4.530098980809287
R1,500 mg q12h,68.0,4.492240068938456
R1,500 mg q12h,68.05,4.454694029220297
R1,500 mg q12h,68.1,4.417458473943281
R1,500 mg q12h,68.15,4.380531022371415
R1,500 mg q12h,68.2,4.343909301415963
R1,500 mg q12h,68.25,4.307590946260486
R1,500 mg q12h,68.3,4.271573600942109
R1,500 mg q12h,68.35,4.235854918891382
R1,500 mg q12h,68.4,4.200432563433191
R1,500 mg q12h,68.45,4.165304208251011
R1,500 mg q12h,68.5,4.130467537816504
R1,500 mg q12h,68.55,4.095920247786641
R1,500 mg q12h,68.6,4.06166004537014
R1,500 mg q12h,68.65,4.027684649664995
R1,500 mg q12h,68.7,3.993991791968905
R1,500 mg q12h,68.75,3.960579216063996
R1,500 mg q12h,68.8,3.927444678477569
R1,500 mg q12h,68.85,3.894585948720117
R1,500 mg q12h,68.9,3.862000809502028
R1,500 mg q12h,68.95,3.829687056930262
R1,500 mg q12h,69.0,3.7976425006860612
R1,500 mg q12h,69.05,3.7658649641850097
R1,500 mg q12h,69.1,3.7343522847203516
R1,500 mg q12h,69.15,3.703102313590623
R1,500 mg q12h,69.2,3.672112916212582
R1,500 mg q12h,69.25,3.641381972220207
R1,500 mg q12h,69.3,3.610907375550749
R1,500 mg q12h,69.35,3.5806870345185384
R1,500 mg q12h,69.4,3.550718871877307
R1,500 mg q12h,69.45,3.5210008248717855
R1,500 mg q12h,69.5,3.491530845279109
R1,500 mg q12h,69.55,3.4623068994408364
R1,500 mg q12h,69.6,3.433326968286035
R1,500 mg q12h,69.65,3.404589047346038
R1,500 mg q12h,69.7,3.3760911467614476
R1,500 mg q12h,69.75,3.34783129128174
R1,500 mg q12h,69.8,3.3198075202581157
R1,500 mg q12h,69.85,3.292017887629923
R1,500 mg q12h,69.9,3.26446046190508
R1,500 mg q12h,69.95,3.2371333261349613
R1,500 mg q12h,70.0,3.2100345778839814
R1,500 mg q12h,70.05,3.1831623291943822
R1,500 mg q12h,70.1,3.1565147065464383
R1,500 mg q12h,70.15,3.13008985081443
R1,500 mg q12h,70.2,3.1038859172187094
R1,500 mg q12h,70.25,3.077901075274024
R1,500 mg q12h,70.3,3.0521335087345047
R1,500 mg q12h,70.35,3.026581415535455
R1,500 mg q12h,70.4,3.0012430077322008
R1,500 mg q12h,70.45,2.976116511436259
R1,500 mg q12h,70.5,2.951200166748924
R1,500 mg q12h,70.55,2.926492227692595
R1,500 mg q12h,70.6,2.9019909621399287
R1,500 mg q12h,70.65,2.8776946517410305
R1,500 mg q12h,70.7,2.853601591848851
R1,500 mg q12h,70.75,2.8297100914428683
R1,500 mg q12h,70.8,2.806018473051315
R1,500 mg q12h,70.85,2.782525072671984
R1,500 mg q12h,70.9,2.7592282396917858
R1,500 mg q12h,70.95,2.7361263368051834
R1,500 mg q12h,71.0,2.7132177399315474
R1,500 mg q12h,71.05,2.6905008381316393
R1,500 mg q12h,71.1,2.6679740335232474
R1,500 mg q12h,71.15,2.6456357411960796
R1,500 mg q12h,71.2,2.6234843891260495
R1,500 mg q12h,71.25,2.601518418088927
R1,500 mg q12h,71.3,2.579736281573567
R1,500 mg q12h,71.35,2.558136445694694
R1,500 mg q12h,71.4,2.5367173891053287
R1,500 mg q12h,71.45,2.5154776029089705
R1,500 mg q12h,71.5,2.4944155905714833
R1,500 mg q12h,71.55,2.473529867832881
R1,500 mg q12h,71.6,2.4528189626189607
R1,500 mg q12h,71.65,2.4322814149528633
R1,500 mg q12h,71.7,2.4119157768666506
R1,500 mg q12h,71.75,2.391720612312834
R1,500 mg q12h,71.8,2.3716944970760307
R1,500 mg q12h,71.85,2.351836018684681
R1,500 mg q12h,71.9,2.332143776322907
R1,500 mg q12h,71.95,2.3126163807425577
R1,500 mg q12h,72.0,2.293252454175402
R2,250 mg q6h,0.0,0.0
R2,250 mg q6h,0.05,0.3568999078705109
R2,250 mg q6h,0.1,0.6907952698029409
R2,250 mg q6h,0.15,1.0030012759827807
R2,250 mg q6h,0.2,1.2947591471242808
R2,250 mg q6h,0.25,1.5672402846616862
R2,250 mg q6h,0.3,1.8215501881702265
R2,250 mg q6h,0.35,2.0587321530714373
R2,250 mg q6h,0.4,2.2797707609453135
R2,250 mg q6h,0.45,2.485595174080615
R2,250 mg q6h,0.5,2.677082245242414
R2,250 mg q6h,0.55,2.8550594530201665
R2,250 mg q6h,0.6,3.02030767253843
R2,250 mg q6h,0.65,3.1735637907636898
R2,250 mg q6h,0.7,3.3155231751229666
R2,250 mg q6h,0.75,3.44684200366104
R2,250 mg q6h,0.8,3.568139464501731
R2,250 mg q6h,0.85,3.679999831943217
R2,250 mg q6h,0.9,3.782974426106205
R2,250 mg q6h,0.95,3.8775834626658217
R2,250 mg q6h,1.0,3.9643177988317406
R2,250 mg q6h,1.05,4.043640581395414
R2,250 mg q6h,1.1,4.115988802336859
R2,250 mg q6h,1.15,4.181774767175491
R2,250 mg q6h,1.2,4.2413874809586485
R2,250 mg q6h,1.25,4.295193956507099
R2,250 mg q6h,1.3,4.343540449277658
R2,250 mg q6h,1.35,4.386753622958581
R2,250 mg q6h,1.4,4.4251416496825655
R2,250 mg q6h,1.45,4.4589952485242765
R2,250 mg q6h,1.5,4.4885886657437295
R2,250 mg q6h,1.55,4.514180600042683
R2,250 mg q6h,1.6,4.536015075917971
R2,250 mg q6h,1.65,4.554322268022809
R2,250 mg q6h,1.7,4.569319279283708
R2,250 mg q6h,1.75,4.581210875366718
R2,250 mg q6h,1.8,4.590190177941092
R2,250 mg q6h,1.85,4.596439319051269
R2,250 mg q6h,1.9,4.60013005877843
R2,250 mg q6h,1.95,4.6014243682505365
R2,250 mg q6h,2.0,4.600474979944345
R2,250 mg q6h,2.05,4.5974259071138315
R2,250 mg q6h,2.1,4.59241293407659
R2,250 mg q6h,2.15,4.58556407899272
R2,250 mg q6h,2.2,4.577000030678952
R2,250 mg q6h,2.25,4.5668345609143
R2,250 mg q6h,2.3,4.555174913611855
R2,250 mg q6h,2.35,4.542122172154202
R2,250 mg q6h,2.4,4.52777160611722
R2,250 mg q6h,2.45,4.512212998538291
R2,250 mg q6h,2.5,4.495530954820168
R2,250 mg q6h,2.55,4.477805194300478
R2,250 mg q6h,2.6,4.459110825459133
R2,250 mg q6h,2.65,4.4395186056813625
R2,250 mg q6h,2.7,4.419095186442626
R2,250 mg q6h,2.75,4.397903344733054
R2,250 mg q6h,2.8,4.3760022014932485
R2,250 mg q6h,2.85,4.353447427789964
R2,250 mg q6h,2.9,4.330291439419326
R2,250 mg q6h,2.95,4.306583580586687
R2,250 mg q6h,3.0,4.282370297275829
R2,250 mg q6h,3.05,4.257695300885824
R2,250 mg q6h,3.1,4.23259972268146
R2,250 mg q6h,3.15,4.207122259572518
R2,250 mg q6h,3.2,4.181299311708271
R2,250 mg q6h,3.25,4.155165112346311
R2,250 mg q6h,3.3,4.12875185042906
R2,250 mg q6h,3.35,4.102089786277018
R2,250 mg q6h,3.4,4.075207360784855
R2,250 mg q6h,3.45,4.048131298484788
R2,250 mg q6h,3.5,4.020886704821275
R2,250 mg q6h,3.55,3.993497157961746
R2,250 mg q6h,3.6,3.965984795449847
R2,250 mg q6h,3.65,3.9383703959905674
R2,250 mg q6h,3.7,3.910673456640284
R2,250 mg q6h,3.75,3.882912265659543
R2,250 mg q6h,3.8,3.8551039712718684
R2,250 mg q6h,3.85,3.8272646465582802
R2,250 mg q6h,3.9,3.799409350704304
R2,250 mg q6h,3.95,3.7715521868041137
R2,250 mg q6h,4.0,3.7437063564149438
R2,250 mg q6h,4.05,3.7158842110441124
R2,250 mg q6h,4.1,3.6880973007407296
R2,250 mg q6h,4.15,3.6603564199545486
R2,250 mg q6h,4.2,3.632671650815286
R2,250 mg q6h,4.25,3.6050524039771368
R2,250 mg q6h,4.3,3.5775074571651158
R2,250 mg q6h,4.35,3.550044991552155
R2,250 mg q6h,4.4,3.5226726260886947
R2,250 mg q6h,4.45,3.4953974498996536
R2,250 mg q6h,4.5,3.468226052857224
R2,250 mg q6h,4.55,3.4411645544318636
R2,250 mg q6h,4.6,3.4142186309181053
R2,250 mg q6h,4.65,3.3873935411263902
R2,250 mg q6h,4.7,3.3606941506270123
R2,250 mg q6h,4.75,3.3341249546274376
R2,250 mg q6h,4.8,3.3076900995596996
R2,250 mg q6h,4.85,3.281393403450269
R2,250 mg q6h,4.9,3.255238375140747
R2,250 mg q6h,4.95,3.2292282324238717
R2,250 mg q6h,5.0,3.2033659191557415
R2,250 mg q6h,5.05,3.1776541214017273
R2,250 mg q6h,5.1,3.1520952826703077
R2,250 mg q6h,5.15,3.1266916182860522
R2,250 mg q6h,5.2,3.1014451289500764
R2,250 mg q6h,5.25,3.076357613533596
R2,250 mg q6h,5.3,3.051430681147639
R2,250 mg q6h,5.35,3.026665762529566
R2,250 mg q6h,5.4,3.0020641207847727
R2,250 mg q6h,5.45,2.9776268615197834
R2,250 mg q6h,5.5,2.9533549424009164
R2,250 mg q6h,5.55,2.9292491821708033
R2,250 mg q6h,5.6,2.9053102691532002
R2,250 mg q6h,5.65,2.881538769274854
R2,250 mg q6h,5.7,2.8579351336315475
R2,250 mg q6h,5.75,2.834499705623947
R2,250 mg q6h,5.8,2.8112327276874187
R2,250 mg q6h,5.85,2.7881343476386466
R2,250 mg q6h,5.9,2.765204624660571
R2,250 mg q6h,5.95,2.7424435349460072
R2,250 mg q6h,6.0,2.7198509770191075
R2,250 mg q6h,6.05,3.054326684623306
R2,250 mg q6h,6.1,3.3659659619022175
R2,250 mg q6h,6.15,3.6560836935325276
R2,250 mg q6h,6.2,3.9259207354628023
R2,250 mg q6h,6.25,4.176648069067717
R2,250 mg q6h,6.3,4.409370722304377
R2,250 mg q6h,6.35,4.625131470938202
R2,250 mg q6h,6.4,4.824914332172918
R2,250 mg q6h,6.45,5.009647862327396
R2,250 mg q6h,6.5,5.1802082695492455
R2,250 mg q6h,6.55,5.337422351938518
R2,250 mg q6h,6.6,5.482070270873345
R2,250 mg q6h,6.65,5.614888168779956
R2,250 mg q6h,6.7,5.73657064007133
R2,250 mg q6h,6.75,5.847773063489397
R2,250 mg q6h,6.8,5.949113803623813
R2,250 mg q6h,6.85,6.04117628894451
R2,250 mg q6h,6.9,6.124510973273611
R2,250 mg q6h,6.95,6.19963718723396
R2,250 mg q6h,7.0,6.267044885844904
R2,250 mg q6h,7.05,6.327196298089788
R2,250 mg q6h,7.1,6.380527483953097
R2,250 mg q6h,7.15,6.427449804116775
R2,250 mg q6h,7.2,6.468351307214176
R2,250 mg q6h,7.25,6.50359803926545
R2,250 mg q6h,7.3,6.5335352796588
R2,250 mg q6h,7.35,6.55848870779727
R2,250 mg q6h,7.4,6.578765504299739
R2,250 mg q6h,7.45,6.594655390426601
R2,250 mg q6h,7.5,6.606431609194892
R2,250 mg q6h,7.55,6.614351851453168
R2,250 mg q6h,7.6,6.618659130003145
R2,250 mg q6h,7.65,6.619582604681925
R2,250 mg q6h,7.7,6.617338361155198
R2,250 mg q6h,7.75,6.612130146017618
R2,250 mg q6h,7.8,6.604150060650895
R2,250 mg q6h,7.85,6.59357921615273
R2,250 mg q6h,7.9,6.580588351520001
R2,250 mg q6h,7.95,6.565338417147119
R2,250 mg q6h,8.0,6.547981125584936
R2,250 mg q6h,8.05,6.528659471396469
R2,250 mg q6h,8.1,6.507508221842663
R2,250 mg q6h,8.15,6.484654380034325
R2,250 mg q6h,8.2,6.46021762209448
R2,250 mg q6h,8.25,6.4343107097888765
R2,250 mg q6h,8.3,6.4070398800005695
R2,250 mg q6h,8.35,6.378505212347375
R2,250 mg q6h,8.4,6.348800976168095
R2,250 mg q6h,8.45,6.318015958034746
R2,250 mg q6h,8.5,6.286233770883016
R2,250 mg q6h,8.55,6.253533145792019
R2,250 mg q6h,8.6,6.219988207386499
R2,250 mg q6h,8.65,6.185668733780139
R2,250 mg q6h,8.7,6.150640401927058
R2,250 mg q6h,8.75,6.114965019199943
R2,250 mg q6h,8.8,6.078700741967417
R2,250 mg q6h,8.85,6.04190228189984
R2,250 mg q6h,8.9,6.004621100691897
R2,250 mg q6h,8.95,5.96690559385172
R2,250 mg q6h,9.0,5.9288012641697865
R2,250 mg q6h,9.05,5.890350885446551
R2,250 mg q6h,9.1,5.851594657025191
R2,250 mg q6h,9.15,5.812570349645256
R2,250 mg q6h,9.2,5.773313443104109
R2,250 mg q6h,9.25,5.733857256185648
R2,250 mg q6h,9.3,5.694233069290152
R2,250 mg q6h,9.35,5.654470240174638
R2,250 mg q6h,9.4,5.614596313190248
R2,250 mg q6h,9.45,5.574637122381458
R2,250 mg q6h,9.5,5.5346168887914695
R2,250 mg q6h,9.55,5.4945583122987935
R2,250 mg q6h,9.6,5.454482658291858
R2,250 mg q6h,9.65,5.414409839471211
R2,250 mg q6h,9.7,5.374358493052701
R2,250 mg q6h,9.75,5.334346053629622
R2,250 mg q6h,9.8,5.294388821937416
R2,250 mg q6h,9.85,5.25450202975079
R2,250 mg q6h,9.9,5.214699901130256
R2,250 mg q6h,9.95,5.174995710222943
R2,250 mg q6h,10.0,5.135401835810971
R2,250 mg q6h,10.05,5.095929812789951
R2,250 mg q6h,10.1,5.056590380749787
R2,250 mg q6h,10.15,5.017393529820465
R2,250 mg q6h,10.2,4.9783485439362325
R2,250 mg q6h,10.25,4.939464041663086
R2,250 mg q6h,10.3,4.900748014726303
R2,250 mg q6h,10.35,4.862207864367065
R2,250 mg q6h,10.4,4.8238504356500425
R2,250 mg q6h,10.45,4.785682049836931
R2,250 mg q6h,10.5,4.747708534934469
R2,250 mg q6h,10.55,4.709935254519444
R2,250 mg q6h,10.6,4.6723671349373515
R2,250 mg q6h,10.65,4.6350086909660355
R2,250 mg q6h,10.7,4.597864050030466
R2,250 mg q6h,10.75,4.560936975049989
R2,250 mg q6h,10.8,4.524230885994829
R2,250 mg q6h,10.85,4.487748880224307
R2,250 mg q6h,10.9,4.451493751675173
R2,250 mg q6h,10.95,4.415468008964645
R2,250 mg q6h,11.0,4.379673892469054
R2,250 mg q6h,11.05,4.344113390435664
R2,250 mg q6h,11.1,4.308788254181949
R2,250 mg q6h,11.15,4.273700012433561
R2,250 mg q6h,11.2,4.238849984849406
R2,250 mg q6h,11.25,4.204239294779468
R2,250 mg q6h,11.3,4.169868881298478
R2,250 mg q6h,11.35,4.13573951055613
R2,250 mg q6h,11.4,4.101851786482236
R2,250 mg q6h,11.45,4.068206160883076
R2,250 mg q6h,11.5,4.0348029429631405
R2,250 mg q6h,11.55,4.00164230830459
R2,250 mg q6h,11.6,3.968724307334881
R2,250 mg q6h,11.65,3.9360488733113526
R2,250 mg q6h,11.7,3.9036158298499357
R2,250 mg q6h,11.75,3.8714248980235997
R2,250 mg q6h,11.8,3.8394757030547577
R2,250 mg q6h,11.85,3.8077677806244514
R2,250 mg q6h,11.9,3.776300582819875
R2,250 mg q6h,11.95,3.745073483740609
R2,250 mg q6h,12.0,3.7140857847827253
R2,250 mg q6h,12.05,4.040236627489466
R2,250 mg q6h,12.1,4.343620728694887
R2,250 mg q6h,12.15,4.6255523906196725
R2,250 mg q6h,12.2,4.887271891572855
R2,250 mg q6h,12.25,5.129949640069162
R2,250 mg q6h,12.3,5.354690095948488
R2,250 mg q6h,12.35,5.56253547156512
R2,250 mg q6h,12.4,5.754469225381198
R2,250 mg q6h,12.45,5.931419359607126
R2,250 mg q6h,12.5,6.094261532878951
R2,250 mg q6h,12.55,6.243821998345956
R2,250 mg q6h,12.6,6.380880376960384
R2,250 mg q6h,12.65,6.506172275211739
R2,250 mg q6h,12.7,6.620391756029841
R2,250 mg q6h,12.75,6.724193671091667
R2,250 mg q6h,12.8,6.8181958623049175
R2,250 mg q6h,12.85,6.9029812398055785
R2,250 mg q6h,12.9,6.979099743395041
R2,250 mg q6h,12.95,7.047070193954021
R2,250 mg q6h,13.0,7.107382041003952
R2,250 mg q6h,13.05,7.16049701224029
R2,250 mg q6h,13.1,7.206850670535684
R2,250 mg q6h,13.15,7.246853883602528
R2,250 mg q6h,13.2,7.280894211213359
R2,250 mg q6h,13.25,7.309337214602925
R2,250 mg q6h,13.3,7.332527692416314
R2,250 mg q6h,13.35,7.350790847322859
R2,250 mg q6h,13.4,7.3644333871844605
R2,250 mg q6h,13.45,7.37374456444882
R2,250 mg q6h,13.5,7.378997157232341
R2,250 mg q6h,13.55,7.380448395363011
R2,250 mg q6h,13.6,7.378340834470265
R2,250 mg q6h,13.65,7.372903181035668
R2,250 mg q6h,13.7,7.364351071154797
R2,250 mg q6h,13.75,7.352887805606513
R2,250 mg q6h,13.8,7.3387050436802
R2,250 mg q6h,13.85,7.321983458074046
R2,250 mg q6h,13.9,7.302893353047815
R2,250 mg q6h,13.95,7.2815952478910235
R2,250 mg q6h,14.0,7.258240427651877
R2,250 mg q6h,14.05,7.232971462963259
R2,250 mg q6h,14.1,7.205922700698985
R2,250 mg q6h,14.15,7.177220727096442
R2,250 mg q6h,14.2,7.1469848048898905
R2,250 mg q6h,14.25,7.1153272859121195
R2,250 mg q6h,14.3,7.082354000540421
R2,250 mg q6h,14.35,7.048164625285639
R2,250 mg q6h,14.4,7.012853029750229
R2,250 mg q6h,14.45,6.976507604112526
R2,250 mg q6h,14.5,6.939211568229464
R2,250 mg q6h,14.55,6.901043263388813
R2,250 mg q6h,14.6,6.862076427684084
R2,250 mg q6h,14.65,6.8223804559307535
R2,250 mg q6h,14.7,6.782020644990888
R2,250 mg q6h,14.75,6.741058425324616
R2,250 mg q6h,14.8,6.699551579541058
R2,250 mg q6h,14.85,6.657554448677891
R2,250 mg q6h,14.9,6.615118126897915
R2,250 mg q6h,14.95,6.572290645252362
R2,250 mg q6h,15.0,6.529117145124188
R2,250 mg q6h,15.05,6.485640041930303
R2,250 mg q6h,15.1,6.441899179629124
R2,250 mg q6h,15.15,6.397931976549235
R2,250 mg q6h,15.2,6.3537735630260395
R2,250 mg q6h,15.25,6.309456911305894
R2,250 mg q6h,15.3,6.2650129581515674
R2,250 mg q6h,15.35,6.2204707205584135
R2,250 mg q6h,15.4,6.175857404967756
R2,250 mg q6h,15.45,6.131198510342321
R2,250 mg q6h,15.5,6.086517925448005
R2,250 mg q6h,15.55,6.041838020667072
R2,250 mg q6h,15.6,5.99717973464953
R2,250 mg q6h,15.65,5.952562656092319
R2,250 mg q6h,15.7,5.908005100919645
R2,250 mg q6h,15.75,5.863524185122489
R2,250 mg q6h,15.8,5.8191358935008335
R2,250 mg q6h,15.85,5.774855144538513
R2,250 mg q6h,15.9,5.730695851627652
R2,250 mg q6h,15.95,5.68667098084757
R2,250 mg q6h,16.0,5.642792605491422
R2,250 mg q6h,16.05,5.599071957523149
R2,250 mg q6h,16.1,5.555519476136906
R2,250 mg q6h,16.15,5.512144853581655
R2,250 mg q6h,16.2,5.468957078404315
R2,250 mg q6h,16.25,5.425964476256416
R2,250 mg q6h,16.3,5.383174748400948
R2,250 mg q6h,16.35,5.340595008048478
R2,250 mg q6h,16.4,5.298231814644415
R2,250 mg q6h,16.45,5.256091206222358
R2,250 mg q6h,16.5,5.214178729932144
R2,250 mg q6h,16.55,5.1724994708450005
R2,250 mg q6h,16.6,5.131058079132551
R2,250 mg q6h,16.65,5.089858795710953
R2,250 mg q6h,16.7,5.048905476436314
R2,250 mg q6h,16.75,5.008201614932793
R2,250 mg q6h,16.8,4.967750364130063
R2,250 mg q6h,16.85,4.9275545565826615
R2,250 mg q6h,16.9,4.887616723639644
R2,250 mg q6h,16.95,4.84793911352903
R2,250 mg q6h,17.0,4.808523708418102
R2,250 mg q6h,17.05,4.76937224050695
R2,250 mg q6h,17.1,4.730486207209666
R2,250 mg q6h,17.15,4.691866885474383
R2,250 mg q6h,17.2,4.653515345290547
R2,250 mg q6h,17.25,4.61543246242911
R2,250 mg q6h,17.3,4.577618930458703
R2,250 mg q6h,17.35,4.540075272078499
R2,250 mg q6h,17.4,4.502801849806175
R2,250 mg q6h,17.45,4.465798876057179
R2,250 mg q6h,17.5,4.429066422649591
R2,250 mg q6h,17.55,4.392604429766772
R2,250 mg q6h,17.6,4.356412714408372
R2,250 mg q6h,17.65,4.32049097835842
R2,250 mg q6h,17.7,4.284838815697659
R2,250 mg q6h,17.75,4.2494557198857885
R2,250 mg q6h,17.8,4.214341090437768
R2,250 mg q6h,17.85,4.179494239217052
R2,250 mg q6h,17.9,4.14491439636731
R2,250 mg q6h,17.95,4.110600715902935
R2,250 mg q6h,18.0,4.076552280977638
R2,250 mg q6h,18.05,4.399668016719667
R2,250 mg q6h,18.1,4.700042425360177
R2,250 mg q6h,18.15,4.978989596313811
R2,250 mg q6h,18.2,5.237749596865531
R2,250 mg q6h,18.25,5.477492626272843
R2,250 mg q6h,18.3,5.6993229368706295
R2,250 mg q6h,18.35,5.904282535245649
R2,250 mg q6h,18.4,6.093354675815425
R2,250 mg q6h,18.45,6.267467158454337
R2,250 mg q6h,18.5,6.427495441156546
R2,250 mg q6h,18.55,6.574265578109518
R2,250 mg q6h,18.6,6.708556992969649
R2,250 mg q6h,18.65,6.8311050965825855
R2,250 mg q6h,18.7,6.94260375787252
R2,250 mg q6h,18.75,7.043707636135233
R2,250 mg q6h,18.8,7.135034382508122
R2,250 mg q6h,18.85,7.21716671795425
R2,250 mg q6h,18.9,7.290654394686081
R2,250 mg q6h,18.95,7.356016047566179
R2,250 mg q6h,19.0,7.413740941655398
R2,250 mg q6h,19.05,7.46429062173318
R2,250 mg q6h,19.1,7.508100469287782
R2,250 mg q6h,19.15,7.545581172165999
R2,250 mg q6h,19.2,7.577120111780868
R2,250 mg q6h,19.25,7.603082672501092
R2,250 mg q6h,19.3,7.62381347758669
R2,250 mg q6h,19.35,7.639637555790496
R2,250 mg q6h,19.4,7.650861442514177
R2,250 mg q6h,19.45,7.65777421918929
R2,250 mg q6h,19.5,7.66064849434807
R2,250 mg q6h,19.55,7.659741329654343
R2,250 mg q6h,19.6,7.655295113981486
R2,250 mg q6h,19.65,7.647538388451326
R2,250 mg q6h,19.7,7.636686625184323
R2,250 mg q6h,19.75,7.622942962357265
R2,250 mg q6h,19.8,7.606498898018987
R2,250 mg q6h,19.85,7.587534944977272
R2,250 mg q6h,19.9,7.566221248940313
R2,250 mg q6h,19.95,7.542718171973665
R2,250 mg q6h,20.0,7.517176843218088
R2,250 mg q6h,20.05,7.489739678704495
R2,250 mg q6h,20.1,7.460540871999283
R2,250 mg q6h,20.15,7.429706857316139
R2,250 mg q6h,20.2,7.39735674663857
R2,250 mg q6h,20.25,7.363602742310926
R2,250 mg q6h,20.3,7.328550526473793
R2,250 mg q6h,20.35,7.292299628642558
R2,250 mg q6h,20.4,7.2549437726550865
R2,250 mg q6h,20.45,7.216571204145661
R2,250 mg q6h,20.5,7.177264999637512
R2,250 mg q6h,20.55,7.1371033582848975
R2,250 mg q6h,20.6,7.096159877237966
R2,250 mg q6h,20.65,7.054503811549018
R2,250 mg q6h,20.7,7.012200319487235
R2,250 mg q6h,20.75,6.969310694080376
R2,250 mg q6h,20.8,6.925892581655971
R2,250 mg q6h,20.85,6.88200018811125
R2,250 mg q6h,20.9,6.837684473600175
R2,250 mg q6h,20.95,6.792993336287238
R2,250 mg q6h,21.0,6.747971785781392
R2,250 mg q6h,21.05,6.702662106828945
R2,250 mg q6h,21.1,6.657104013811878
R2,250 mg q6h,21.15,6.6113347965673475
R2,250 mg q6h,21.2,6.565389458015235
R2,250 mg q6h,21.25,6.519300844053303
R2,250 mg q6h,21.3,6.473099766153691
R2,250 mg q6h,21.35,6.42681511707024
R2,250 mg q6h,21.4,6.380473980043109
R2,250 mg q6h,21.45,6.334101731865456
R2,250 mg q6h,21.5,6.287722140156615
R2,250 mg q6h,21.55,6.241357455166693
R2,250 mg q6h,21.6,6.195028496419468
R2,250 mg q6h,21.65,6.1487547344831555
R2,250 mg q6h,21.7,6.102554368142376
R2,250 mg q6h,21.75,6.0564443972293915
R2,250 mg q6h,21.8,6.010440691358125
R2,250 mg q6h,21.85,5.964558054790853
R2,250 mg q6h,21.9,5.918810287654578
R2,250 mg q6h,21.95,5.873210243711911
R2,250 mg q6h,22.0,5.8277698848797925
R2,250 mg q6h,22.05,5.7825003326785485
R2,250 mg q6h,22.1,5.737411916783515
R2,250 mg q6h,22.15,5.692514220841891
R2,250 mg q6h,22.2,5.6478161257082045
R2,250 mg q6h,22.25,5.60332585024336
R2,250 mg q6h,22.3,5.559050989813925
R2,250 mg q6h,22.35,5.514998552620768
R2,250 mg q6h,22.4,5.471174993978897
R2,250 mg q6h,22.45,5.42758624866344
R2,250 mg q6h,22.5,5.3842377614304
R2,250 mg q6h,22.55,5.341134515814562
R2,250 mg q6h,22.6,5.298281061301318
R2,250 mg q6h,22.65,5.255681538963691
R2,250 mg q6h,22.7,5.2133397056506885
R2,250 mg q6h,22.75,5.171258956808402
R2,250 mg q6h,22.8,5.129442348010528
R2,250 mg q6h,22.85,5.087892615270841
R2,250 mg q6h,22.9,5.046612194206008
R2,250 mg q6h,22.95,5.005603238113283
R2,250 mg q6h,23.0,4.964867635024073
R2,250 mg q6h,23.05,4.924407023790849
R2,250 mg q6h,23.1,4.8842228092617175
R2,250 mg q6h,23.15,4.844316176593933
R2,250 mg q6h,23.2,4.804688104754672
R2,250 mg q6h,23.25,4.765339379254787
R2,250 mg q6h,23.3,4.726270604158601
R2,250 mg q6h,23.35,4.687482213410443
R2,250 mg q6h,23.4,4.648974481516334
R2,250 mg q6h,23.45,4.610747533617031
R2,250 mg q6h,23.5,4.57280135498671
R2,250 mg q6h,23.55,4.535135799989509
R2,250 mg q6h,23.6,4.497750600524457
R2,250 mg q6h,23.65,4.460645373987551
R2,250 mg q6h,23.7,4.423819630778123
R2,250 mg q6h,23.75,4.387272781375168
R2,250 mg q6h,23.8,4.351004143007779
R2,250 mg q6h,23.85,4.315012945942561
R2,250 mg q6h,23.9,4.279298339409585
R2,250 mg q6h,23.95,4.243859397187174
R2,250 mg q6h,24.0,4.208695122864825
R2,250 mg q6h,24.05,4.5307043626727985
R2,250 mg q6h,24.1,4.829981540604919
R2,250 mg q6h,24.15,5.107840668493612
R2,250 mg q6h,24.2,5.3655217366912575
R2,250 mg q6h,24.25,5.604194868166974
R2,250 mg q6h,24.3,5.8249642396060555
R2,250 mg q6h,24.35,6.028871782579124
R2,250 mg q6h,24.4,6.216900677115708
R2,250 mg q6h,24.45,6.3899786493250845
R2,250 mg q6h,24.5,6.548981084053979
R2,250 mg q6h,24.55,6.694733962954923
R2,250 mg q6h,24.6,6.828016637756747
R2,250 mg q6h,24.65,6.949564447979814
R2,250 mg q6h,24.7,7.060071191820279
R2,250 mg q6h,24.75,7.160191458438122
R2,250 mg q6h,24.8,7.250542829422222
R2,250 mg q6h,24.85,7.331707956769485
R2,250 mg q6h,24.9,7.404236524303706
R2,250 mg q6h,24.95,7.468647099071434
R2,250 mg q6h,25.0,7.525428878885361
R2,250 mg q6h,25.05,7.5750433418398675
R2,250 mg q6h,25.1,7.617925803296539
R2,250 mg q6h,25.15,7.654486885529208
R2,250 mg q6h,25.2,7.68511390492702
R2,250 mg q6h,25.25,7.710172181379268
R2,250 mg q6h,25.3,7.730006274206477
R2,250 mg q6h,25.35,7.744941148757379
R2,250 mg q6h,25.4,7.755283277560458
R2,250 mg q6h,25.45,7.761321679700552
R2,250 mg q6h,25.5,7.763328901885239
R2,250 mg q6h,25.55,7.761561944471372
R2,250 mg q6h,25.6,7.7562631355387115
R2,250 mg q6h,25.65,7.747660955924518
R2,250 mg q6h,25.7,7.735970817969483
R2,250 mg q6h,25.75,7.721395800571186
R2,250 mg q6h,25.8,7.704127342995629
R2,250 mg q6h,25.85,7.684345899759978
R2,250 mg q6h,25.9,7.662221558769906
R2,250 mg q6h,25.95,7.6379146247724545
R2,250 mg q6h,26.0,7.611576170069827
R2,250 mg q6h,26.05,7.583348554330317
R2,250 mg q6h,26.1,7.553365915229653
R2,250 mg q6h,26.15,7.521754631558852
R2,250 mg q6h,26.2,7.488633760342832
R2,250 mg q6h,26.25,7.4541154494275546
R2,250 mg q6h,26.3,7.418305326911549
R2,250 mg q6h,26.35,7.38130286872067
R2,250 mg q6h,26.4,7.343201745551986
R2,250 mg q6h,26.45,7.304090150343951
R2,250 mg q6h,26.5,7.264051107365216
R2,250 mg q6h,26.55,7.2231627639530105
R2,250 mg q6h,26.6,7.181498665874349
R2,250 mg q6h,26.65,7.139128017228648
R2,250 mg q6h,26.7,7.096115925758863
R2,250 mg q6h,26.75,7.052523634389603
R2,250 mg q6h,26.8,7.008408739764786
R2,250 mg q6h,26.85,6.963825398514061
R2,250 mg q6h,26.9,6.918824521936345
R2,250 mg q6h,26.95,6.8734539597501705
R2,250 mg q6h,27.0,6.8277586735241975
R2,250 mg q6h,27.05,6.781780900366703
R2,250 mg q6h,27.1,6.735560307420533
R2,250 mg q6h,27.15,6.6891341376792655
R2,250 mg q6h,27.2,6.642537347611447
R2,250 mg q6h,27.25,6.595802737052465
R2,250 mg q6h,27.3,6.548961071797787
R2,250 mg q6h,27.35,6.502041199307055
R2,250 mg q6h,27.4,6.455070157905498
R2,250 mg q6h,27.45,6.408073279847437
R2,250 mg q6h,27.5,6.36107428858632
R2,250 mg q6h,27.55,6.314095390576183
R2,250 mg q6h,27.6,6.267157361911465
R2,250 mg q6h,27.65,6.220279630094694
R2,250 mg q6h,27.7,6.173480351205413
R2,250 mg q6h,27.75,6.126776482728397
R2,250 mg q6h,27.8,6.08018385228468
R2,250 mg q6h,27.85,6.033717222495271
R2,250 mg q6h,27.9,5.987390352194595
R2,250 mg q6h,27.95,5.94121605419844
R2,250 mg q6h,28.0,5.8952062498198
R2,250 mg q6h,28.05,5.849372020315041
R2,250 mg q6h,28.1,5.803723655432698
R2,250 mg q6h,28.15,5.758270699227491
R2,250 mg q6h,28.2,5.713021993292994
R2,250 mg q6h,28.25,5.6679857175579125
R2,250 mg q6h,28.3,5.62316942878261
R2,250 mg q6h,28.35,5.578580096885021
R2,250 mg q6h,28.4,5.534224139217782
R2,250 mg q6h,28.45,5.490107452911525
R2,250 mg q6h,28.5,5.446235445392974
R2,250 mg q6h,28.55,5.402613063180207
R2,250 mg q6h,28.6,5.3592448190518756
R2,250 mg q6h,28.65,5.3161348176816166
R2,250 mg q6h,28.7,5.273286779823849
R2,250 mg q6h,28.75,5.230704065132309
R2,250 mg q6h,28.8,5.188389693688044
R2,250 mg q6h,28.85,5.146346366309378
R2,250 mg q6h,28.9,5.104576483712238
R2,250 mg q6h,28.95,5.063082164585373
R2,250 mg q6h,29.0,5.021865262641487
R2,250 mg q6h,29.05,4.980927382701706
R2,250 mg q6h,29.1,4.940269895867759
R2,250 mg q6h,29.15,4.899893953833097
R2,250 mg q6h,29.2,4.8598005023812965
R2,250 mg q6h,29.25,4.819990294117479
R2,250 mg q6h,29.3,4.780463900475768
R2,250 mg q6h,29.35,4.741221723043523
R2,250 mg q6h,29.4,4.702264004240735
R2,250 mg q6h,29.45,4.663590837390805
R2,250 mg q6h,29.5,4.6252021762169715
R2,250 mg q6h,29.55,4.587097843796631
R2,250 mg q6h,29.6,4.549277541004044
R2,250 mg q6h,29.65,4.511740854470231
R2,250 mg q6h,29.7,4.474487264087154
R2,250 mg q6h,29.75,4.437516150081889
R2,250 mg q6h,29.8,4.400826799684927
R2,250 mg q6h,29.85,4.364418413415466
R2,250 mg q6h,29.9,4.328290111005251
R2,250 mg q6h,29.95,4.2924409369812935
R2,250 mg q6h,30.0,4.2568698659267055
R2,250 mg q6h,30.05,4.5784757153082545
R2,250 mg q6h,30.1,4.8773528805971145
R2,250 mg q6h,30.15,5.1548153453419
R2,250 mg q6h,30.2,5.412103071848014
R2,250 mg q6h,30.25,5.6503861552724475
R2,250 mg q6h,30.3,5.87076874472125
R2,250 mg q6h,30.35,6.074292744416734
R2,250 mg q6h,30.4,6.261941307269126
R2,250 mg q6h,30.45,6.434642132495471
R2,250 mg q6h,30.5,6.593270578275453
R2,250 mg q6h,30.55,6.7386525998178595
R2,250 mg q6h,30.6,6.871567522629196
R2,250 mg q6h,30.65,6.992750660227079
R2,250 mg q6h,30.7,7.102895785022648
R2,250 mg q6h,30.75,7.202657460606778
R2,250 mg q6h,30.8,7.292653243213345
R2,250 mg q6h,30.85,7.373465759696563
R2,250 mg q6h,30.9,7.445644668948066
R2,250 mg q6h,30.95,7.509708513291013
R2,250 mg q6h,31.0,7.566146466021722
R2,250 mg q6h,31.05,7.615419980923494
R2,250 mg q6h,31.1,7.657964349250396
R2,250 mg q6h,31.15,7.6941901693706125
R2,250 mg q6h,31.2,7.7244847339678095
R2,250 mg q6h,31.25,7.749213339424301
R2,250 mg q6h,31.3,7.768720521750467
R2,250 mg q6h,31.35,7.783331223180083
R2,250 mg q6h,31.4,7.793351893320226
R2,250 mg q6h,31.45,7.799071528526264
R2,250 mg q6h,31.5,7.800762652966625
R2,250 mg q6h,31.55,7.798682244647747
R2,250 mg q6h,31.6,7.7930726094861225
R2,250 mg q6h,31.65,7.784162206341332
R2,250 mg q6h,31.7,7.772166425760412
R2,250 mg q6h,31.75,7.75728832502978
R2,250 mg q6h,31.8,7.739719321985236
R2,250 mg q6h,31.85,7.719639849893188
R2,250 mg q6h,31.9,7.697219975586494
R2,250 mg q6h,31.95,7.672619982915833
R2,250 mg q6h,32.0,7.6459909234620245
R2,250 mg q6h,32.05,7.617475136345486
R2,250 mg q6h,32.1,7.587206738866121
R2,250 mg q6h,32.15,7.555312089609752
R2,250 mg q6h,32.2,7.521910225565278
R2,250 mg q6h,32.25,7.487113274710421
R2,250 mg q6h,32.3,7.451026845441834
R2,250 mg q6h,32.35,7.413750394148463
R2,250 mg q6h,32.4,7.375377572154068
R2,250 mg q6h,32.45,7.335996553186011
R2,250 mg q6h,32.5,7.295690342462728
R2,250 mg q6h,32.55,7.254537068430732
R2,250 mg q6h,32.6,7.212610258124504
R2,250 mg q6h,32.65,7.169979097067799
R2,250 mg q6h,32.7,7.126708674583434
R2,250 mg q6h,32.75,7.082860215330147
R2,250 mg q6h,32.8,7.038491297838908
R2,250 mg q6h,32.85,6.993656060778088
R2,250 mg q6h,32.9,6.948405397635744
R2,250 mg q6h,32.95,6.90278714046867
R2,250 mg q6h,33.0,6.856846233331691
R2,250 mg q6h,33.05,6.810624895965889
R2,250 mg q6h,33.1,6.764162778292336
R2,250 mg q6h,33.15,6.71749710622706
R2,250 mg q6h,33.2,6.670662819304039
R2,250 mg q6h,33.25,6.623692700565911
R2,250 mg q6h,33.3,6.576617499155988
R2,250 mg q6h,33.35,6.529466046021199
R2,250 mg q6h,33.4,6.482265363112337
R2,250 mg q6h,33.45,6.435040766446392
R2,250 mg q6h,33.5,6.3878159633754485
R2,250 mg q6h,33.55,6.3406131443869995
R2,250 mg q6h,33.6,6.293453069742627
R2,250 mg q6h,33.65,6.2463551512446
R2,250 mg q6h,33.7,6.199337529403646
R2,250 mg q6h,33.75,6.152417146266118
R2,250 mg q6h,33.8,6.10560981414387
R2,250 mg q6h,33.85,6.058930280476931
R2,250 mg q6h,33.9,6.01239228904588
R2,250 mg q6h,33.95,5.966008637738695
R2,250 mg q6h,34.0,5.91979123306557
R2,250 mg q6h,34.05,5.873751141604011
R2,250 mg q6h,34.1,5.827898638546605
R2,250 mg q6h,34.15,5.782243253514021
R2,250 mg q6h,34.2,5.736793813786633
R2,250 mg q6h,34.25,5.691558485099814
R2,250 mg q6h,34.3,5.646544810139422
R2,250 mg q6h,34.35,5.6017597448667455
R2,250 mg q6h,34.4,5.557209692794649
R2,250 mg q6h,34.45,5.512900537329869
R2,250 mg q6h,34.5,5.468837672290165
R2,250 mg q6h,34.55,5.425026030698591
R2,250 mg q6h,34.6,5.381470111951771
R2,250 mg q6h,34.65,5.338174007453389
R2,250 mg q6h,34.7,5.295141424799008
R2,250 mg q6h,34.75,5.252375710593709
R2,250 mg q6h,34.8,5.209879871979133
R2,250 mg q6h,34.85,5.167656596942546
R2,250 mg q6h,34.9,5.1257082734762704
R2,250 mg q6h,34.95,5.084037007651979
R2,250 mg q6h,35.0,5.04264464067096
R2,250 mg q6h,35.05,5.001532764947676
R2,250 mg q6h,35.1,4.960702739281082
R2,250 mg q6h,35.15,4.9201557031648795
R2,250 mg q6h,35.2,4.879892590285042
R2,250 mg q6h,35.25,4.8399141412503965
R2,250 mg q6h,35.3,4.800220915599212
R2,250 mg q6h,35.35,4.760813303122603
R2,250 mg q6h,35.4,4.721691534543103
R2,250 mg q6h,35.45,4.6828556915845905
R2,250 mg q6h,35.5,4.644305716467928
R2,250 mg q6h,35.55,4.606041420864429
R2,250 mg q6h,35.6,4.56806249433779
R2,250 mg q6h,35.65,4.530368512303179
R2,250 mg q6h,35.7,4.492958943530615
R2,250 mg q6h,35.75,4.4558331572183745
R2,250 mg q6h,35.8,4.41899042966048
R2,250 mg q6h,35.85,4.382429950531239
R2,250 mg q6h,35.9,4.346150828808332
R2,250 mg q6h,35.95,4.310152098354736
R2,250 mg q6h,36.0,4.274432723178847
R2,250 mg q6h,36.05,4.595891510261212
R2,250 mg q6h,36.1,4.894622844674698
R2,250 mg q6h,36.15,5.171940699656549
R2,250 mg q6h,36.2,5.4290850272872415
R2,250 mg q6h,36.25,5.667225912584365
R2,250 mg q6h,36.3,5.887467494599563
R2,250 mg q6h,36.35,6.090851667584921
R2,250 mg q6h,36.4,6.278361574563853
R2,250 mg q6h,36.45,6.4509249049494475
R2,250 mg q6h,36.5,6.6094170071994665
R2,250 mg q6h,36.55,6.754663826882236
R2,250 mg q6h,36.6,6.887444679944528
R2,250 mg q6h,36.65,7.008494870424215
R2,250 mg q6h,36.7,7.118508161332127
R2,250 mg q6h,36.75,7.218139106937494
R2,250 mg q6h,36.8,7.308005254230649
R2,250 mg q6h,36.85,7.38868922089965
R2,250 mg q6h,36.9,7.460740656746708
R2,250 mg q6h,36.95,7.524678095081688
R2,250 mg q6h,37.0,7.580990700263073
R2,250 mg q6h,37.05,7.630139917211183
R2,250 mg q6h,37.1,7.672561028391321
R2,250 mg q6h,37.15,7.708664623456482
R2,250 mg q6h,37.2,7.7388379864481305
R2,250 mg q6h,37.25,7.763446405178743
R2,250 mg q6h,37.3,7.782834407160619
R2,250 mg q6h,37.35,7.797326926200623
R2,250 mg q6h,37.4,7.807230403549466
R2,250 mg q6h,37.45,7.812833827276133
R2,250 mg q6h,37.5,7.814409713332053
R2,250 mg q6h,37.55,7.812215031575469
R2,250 mg q6h,37.6,7.806492079842908
R2,250 mg q6h,37.65,7.7974693089816425
R2,250 mg q6h,37.7,7.785362101593491
R2,250 mg q6h,37.75,7.770373507086184
R2,250 mg q6h,37.8,7.752694935482806
R2,250 mg q6h,37.85,7.732506812302462
R2,250 mg q6h,37.9,7.709979196695592
R2,250 mg q6h,37.95,7.685272364894777
R2,250 mg q6h,38.0,7.658537360926534
R2,250 mg q6h,38.05,7.6299165164202245
R2,250 mg q6h,38.1,7.599543941247433
R2,250 mg q6h,38.15,7.567545986627854
R2,250 mg q6h,38.2,7.534041682245947
R2,250 mg q6h,38.25,7.499143148836156
R2,250 mg q6h,38.3,7.462955987612501
R2,250 mg q6h,38.35,7.425579647841449
R2,250 mg q6h,38.4,7.387107773783915
R2,250 mg q6h,38.45,7.347628532163556
R2,250 mg q6h,38.5,7.307224921253749
R2,250 mg q6h,38.55,7.265975062614106
R2,250 mg q6h,38.6,7.223952476449869
R2,250 mg q6h,38.65,7.181226341512742
R2,250 mg q6h,38.7,7.137861740410197
R2,250 mg q6h,38.75,7.093919891141855
R2,250 mg q6h,38.8,7.049458365635331
R2,250 mg q6h,38.85,7.004531296010933
R2,250 mg q6h,38.9,6.959189569263488
R2,250 mg q6h,38.95,6.913481011010926
R2,250 mg q6h,39.0,6.867450558923128
R2,250 mg q6h,39.05,6.821140426409695
R2,250 mg q6h,39.1,6.774590257113233
R2,250 mg q6h,39.15,6.727837270723878
R2,250 mg q6h,39.2,6.680916400601848
R2,250 mg q6h,39.25,6.63386042366772
R2,250 mg q6h,39.3,6.5867000829940014
R2,250 mg q6h,39.35,6.539464203507655
R2,250 mg q6h,39.4,6.492179801189916
R2,250 mg q6h,39.45,6.444872186138201
R2,250 mg q6h,39.5,6.397565059834589
R2,250 mg q6h,39.55,6.350280606945718
R2,250 mg q6h,39.6,6.303039581961062
R2,250 mg q6h,39.65,6.2558613909591045
R2,250 mg q6h,39.7,6.208764168774726
R2,250 mg q6h,39.75,6.161764851825952
R2,250 mg q6h,39.8,6.11487924684344
R2,250 mg q6h,39.85,6.068122095732759
R2,250 mg q6h,39.9,6.021507136786367
R2,250 mg q6h,39.95,5.9750471624500765
R2,250 mg q6h,40.0,5.928754073837487
R2,250 mg q6h,40.05,5.882638932174698
R2,250 mg q6h,40.1,5.8367120073477015
R2,250 mg q6h,40.15,5.790982823715001
R2,250 mg q6h,40.2,5.745460203338874
R2,250 mg q6h,40.25,5.700152306780284
R2,250 mg q6h,40.3,5.655066671594014
R2,250 mg q6h,40.35,5.61021024865324
R2,250 mg q6h,40.4,5.5655894364253164
R2,250 mg q6h,40.45,5.521210113313723
R2,250 mg q6h,40.5,5.477077668174853
R2,250 mg q6h,40.55,5.43319702911194
R2,250 mg q6h,40.6,5.389572690642984
R2,250 mg q6h,40.65,5.346208739333895
R2,250 mg q6h,40.7,5.30310887798297
R2,250 mg q6h,40.75,5.260276448438198
R2,250 mg q6h,40.8,5.217714453123957
R2,250 mg q6h,40.85,5.1754255753497524
R2,250 mg q6h,40.9,5.133412198469314
R2,250 mg q6h,40.95,5.0916764239545635
R2,250 mg q6h,41.0,5.050220088445556
R2,250 mg q6h,41.05,5.00904477983371
R2,250 mg q6h,41.1,4.968151852432813
R2,250 mg q6h,41.15,4.927542441288954
R2,250 mg q6h,41.2,4.88721747567774
R2,250 mg q6h,41.25,4.847177691834555
R2,250 mg q6h,41.3,4.807423644960853
R2,250 mg q6h,41.35,4.767955720547242
R2,250 mg q6h,41.4,4.728774145051763
R2,250 mg q6h,41.45,4.689878995969508
R2,250 mg q6h,41.5,4.651270211327963
R2,250 mg q6h,41.55,4.612947598640182
R2,250 mg q6h,41.6,4.574910843346416
R2,250 mg q6h,41.65,4.537159516772918
R2,250 mg q6h,41.7,4.499693083635028
R2,250 mg q6h,41.75,4.4625109091103
R2,250 mg q6h,41.8,4.425612265505695
R2,250 mg q6h,41.85,4.388996338541852
R2,250 mg q6h,41.9,4.352662233275883
R2,250 mg q6h,41.95,4.316608979683027
R2,250 mg q6h,42.0,4.280835537916494
R2,250 mg q6h,42.05,4.602240711133934
R2,250 mg q6h,42.1,4.900918880617319
R2,250 mg q6h,42.15,5.178184015844746
R2,250 mg q6h,42.2,5.435276065169019
R2,250 mg q6h,42.25,5.67336510991127
R2,250 mg q6h,42.3,5.893555285457638
R2,250 mg q6h,42.35,6.0968884824253955
R2,250 mg q6h,42.4,6.284347840233579
R2,250 mg q6h,42.45,6.456861044721084
R2,250 mg q6h,42.5,6.615303440801405
R2,250 mg q6h,42.55,6.760500970528279
R2,250 mg q6h,42.6,6.893232946363318
R2,250 mg q6h,42.65,7.0142346688884185
R2,250 mg q6h,42.7,7.124199897687372
R2,250 mg q6h,42.75,7.223783183631067
R2,250 mg q6h,42.8,7.31360207033995
R2,250 mg q6h,42.85,7.394239172160415
R2,250 mg q6h,42.9,7.466244135580981
R2,250 mg q6h,42.95,7.530135490625575
R2,250 mg q6h,43.0,7.586402398394255
R2,250 mg q6h,43.05,7.635506300576202
R2,250 mg q6h,43.1,7.677882476432633
R2,250 mg q6h,43.15,7.713941512439287
R2,250 mg q6h,43.2,7.744070689486982
R2,250 mg q6h,43.25,7.768635292263921
R2,250 mg q6h,43.3,7.787979845184299
R2,250 mg q6h,43.35,7.802429278982813
R2,250 mg q6h,43.4,7.812290031863735
R2,250 mg q6h,43.45,7.817851088875116
R2,250 mg q6h,43.5,7.819384962972752
R2,250 mg q6h,43.55,7.81714862104433
R2,250 mg q6h,43.6,7.811384357980703
R2,250 mg q6h,43.65,7.8023206217081285
R2,250 mg q6h,43.7,7.790172791931874
R2,250 mg q6h,43.75,7.7751439151873685
R2,250 mg q6h,43.8,7.757425398649447
R2,250 mg q6h,43.85,7.737197665012822
R2,250 mg q6h,43.9,7.7146307706271795
R2,250 mg q6h,43.95,7.689884988947807
R2,250 mg q6h,44.0,7.6631113612471795
R2,250 mg q6h,44.05,7.63445221642368
R2,250 mg q6h,44.1,7.60404166164078
R2,250 mg q6h,44.15,7.57200604543274
R2,250 mg q6h,44.2,7.5384643948210694
R2,250 mg q6h,44.25,7.5035288278995615
R2,250 mg q6h,44.3,7.467304943263697
R2,250 mg q6h,44.35,7.42989218758333
R2,250 mg q6h,44.4,7.391384202544503
R2,250 mg q6h,44.45,7.351869152317565
R2,250 mg q6h,44.5,7.311430032643965
R2,250 mg q6h,44.55,7.270144962572583
R2,250 mg q6h,44.6,7.228087459818957
R2,250 mg q6h,44.65,7.185326700665934
R2,250 mg q6h,44.7,7.141927765272801
R2,250 mg q6h,44.75,7.097951869211493
R2,250 mg q6h,44.8,7.05345658200227
R2,250 mg q6h,44.85,7.008496033378242
R2,250 mg q6h,44.9,6.963121107967023
R2,250 mg q6h,44.95,6.917379629039159
R2,250 mg q6h,45.0,6.871316531936796
R2,250 mg q6h,45.05,6.8249740277612965
R2,250 mg q6h,45.1,6.778391757866352
R2,250 mg q6h,45.15,6.731606939672355
R2,250 mg q6h,45.2,6.6846545042887815
R2,250 mg q6h,45.25,6.63756722640431
R2,250 mg q6h,45.3,6.590375846878249
R2,250 mg q6h,45.35,6.543109188442883
R2,250 mg q6h,45.4,6.495794264903154
R2,250 mg q6h,45.45,6.448456384198402
R2,250 mg q6h,45.5,6.401119245670708
R2,250 mg q6h,45.55,6.353805031864624
R2,250 mg q6h,45.6,6.30653449516531
R2,250 mg q6h,45.65,6.259327039564557
R2,250 mg q6h,45.7,6.212200797828024
R2,250 mg q6h,45.75,6.165172704321844
R2,250 mg q6h,45.8,6.118258563741959
R2,250 mg q6h,45.85,6.071473115976266
R2,250 mg q6h,45.9,6.024830097316441
R2,250 mg q6h,45.95,5.978342298224272
R2,250 mg q6h,46.0,5.932021617845944
R2,250 mg q6h,46.05,5.885879115456618
R2,250 mg q6h,46.1,5.839925059007681
R2,250 mg q6h,46.15,5.794168970939236
R2,250 mg q6h,46.2,5.748619671411218
R2,250 mg q6h,46.25,5.703285319098182
R2,250 mg q6h,46.3,5.658173449684294
R2,250 mg q6h,46.35,5.613291012187779
R2,250 mg q6h,46.4,5.568644403236575
R2,250 mg q6h,46.45,5.524239499410141
R2,250 mg q6h,46.5,5.480081687756131
R2,250 mg q6h,46.55,5.436175894584181
R2,250 mg q6h,46.6,5.3925266126337075
R2,250 mg q6h,46.65,5.349137926706939
R2,250 mg q6h,46.7,5.306013537853253
R2,250 mg q6h,46.75,5.2631567861863635
R2,250 mg q6h,46.8,5.220570672410899
R2,250 mg q6h,46.85,5.178257878131014
R2,250 mg q6h,46.9,5.136220785009365
R2,250 mg q6h,46.95,5.0944614928409635
R2,250 mg q6h,47.0,5.052981836602995
R2,250 mg q6h,47.05,5.011783402537931
R2,250 mg q6h,47.1,4.970867543324424
R2,250 mg q6h,47.15,4.930235392387114
R2,250 mg q6h,47.2,4.889887877393738
R2,250 mg q6h,47.25,4.849825732985277
R2,250 mg q6h,47.3,4.810049512782126
R2,250 mg q6h,47.35,4.770559600707081
R2,250 mg q6h,47.4,4.731356221663491
R2,250 mg q6h,47.45,4.6924394516047805
R2,250 mg q6h,47.5,4.653809227029676
R2,250 mg q6h,47.55,4.615465353935268
R2,250 mg q6h,47.6,4.5774075162585435
R2,250 mg q6h,47.65,4.539635283835079
R2,250 mg q6h,47.7,4.502148119902016
R2,250 mg q6h,47.75,4.46494538817109
R2,250 mg q6h,47.8,4.428026359495719
R2,250 mg q6h,47.85,4.391390218155168
R2,250 mg q6h,47.9,4.355036067777244
R2,250 mg q6h,47.95,4.318962936919853
R2,250 mg q6h,48.0,4.283169784330736
R2,250 mg q6h,48.05,4.604555411773843
R2,250 mg q6h,48.1,4.903214199149119
R2,250 mg q6h,48.15,5.180460114564202
R2,250 mg q6h,48.2,5.437533105012918
R2,250 mg q6h,48.25,5.675603250468795
R2,250 mg q6h,48.3,5.895774684981657
R2,250 mg q6h,48.35,6.099089297843646
R2,250 mg q6h,48.4,6.286530227159769
R2,250 mg q6h,48.45,6.459025157465891
R2,250 mg q6h,48.5,6.617449432383388
R2,250 mg q6h,48.55,6.762628992684702
R2,250 mg q6h,48.6,6.895343149560873
R2,250 mg q6h,48.65,7.0163272023338665
R2,250 mg q6h,48.7,7.126274909338095
R2,250 mg q6h,48.75,7.225840820205528
R2,250 mg q6h,48.8,7.315642477328066
R2,250 mg q6h,48.85,7.396262493833847
R2,250 mg q6h,48.9,7.468250515003334
R2,250 mg q6h,48.95,7.532125069662511
R2,250 mg q6h,49.0,7.588375317723529
R2,250 mg q6h,49.05,7.637462699697604
R2,250 mg q6h,49.1,7.679822493677856
R2,250 mg q6h,49.15,7.715865284981703
R2,250 mg q6h,49.2,7.7459783533513455
R2,250 mg q6h,49.25,7.770526982335986
R2,250 mg q6h,49.3,7.789855695220355
R2,250 mg q6h,49.35,7.804289421619143
R2,250 mg q6h,49.4,7.814134598625995
R2,250 mg q6h,49.45,7.819680210187634
R2,250 mg q6h,49.5,7.821198768167749
R2,250 mg q6h,49.55,7.818947238371068
R2,250 mg q6h,49.6,7.813167914614549
R2,250 mg q6h,49.65,7.80408924375955
R2,250 mg q6h,49.7,7.791926604455352
R2,250 mg q6h,49.75,7.776883042190244
R2,250 mg q6h,49.8,7.75914996310069
R2,250 mg q6h,49.85,7.738907788851718
R2,250 mg q6h,49.9,7.716326574771964
R2,250 mg q6h,49.95,7.691566593304204
R2,250 mg q6h,50.0,7.664778884716885
R2,250 mg q6h,50.05,7.63610577691277
R2,250 mg q6h,50.1,7.605681376068046
R2,250 mg q6h,50.15,7.573632029737955
R2,250 mg q6h,50.2,7.540076763973186
R2,250 mg q6h,50.25,7.505127695904843
R2,250 mg q6h,50.3,7.468890423173777
R2,250 mg q6h,50.35,7.431464391503204
R2,250 mg q6h,50.4,7.39294324164046
R2,250 mg q6h,50.45,7.353415136825045
R2,250 mg q6h,50.5,7.312963071875349
R2,250 mg q6h,50.55,7.27166516492493
R2,250 mg q6h,50.6,7.229594932781666
R2,250 mg q6h,50.65,7.186821550828341
R2,250 mg q6h,50.7,7.143410098331719
R2,250 mg q6h,50.75,7.099421789978685
R2,250 mg q6h,50.8,7.054914194411858
R2,250 mg q6h,50.85,7.009941440494058
R2,250 mg q6h,50.9,6.964554411989894
R2,250 mg q6h,50.95,6.918800931314139
R2,250 mg q6h,51.0,6.872725932960325
R2,250 mg q6h,51.05,6.826371627188309
R2,250 mg q6h,51.1,6.779777654517325
R2,250 mg q6h,51.15,6.732981231540292
R2,250 mg q6h,51.2,6.686017288546145
R2,250 mg q6h,51.25,6.63891859940989
R2,250 mg q6h,51.3,6.5917159041839755
R2,250 mg q6h,51.35,6.544438024800585
R2,250 mg q6h,51.4,6.497111974271257
R2,250 mg q6h,51.45,6.449763059748573
R2,250 mg q6h,51.5,6.4024149797944405
R2,250 mg q6h,51.55,6.355089916179775
R2,250 mg q6h,51.6,6.307808620522573
R2,250 mg q6h,51.65,6.260590496053893
R2,250 mg q6h,51.7,6.213453674785024
R2,250 mg q6h,51.75,6.166415090334048
R2,250 mg q6h,51.8,6.1194905466551255
R2,250 mg q6h,51.85,6.072694782900575
R2,250 mg q6h,51.9,6.026041534632656
R2,250 mg q6h,51.95,5.97954359158985
R2,250 mg q6h,52.0,5.933212852201089
R2,250 mg q6h,52.05,5.887060375030292
R2,250 mg q6h,52.1,5.841096427323553
R2,250 mg q6h,52.15,5.795330530821593
R2,250 mg q6h,52.2,5.749771504990818
R2,250 mg q6h,52.25,5.704427507818062
R2,250 mg q6h,52.3,5.6593060743055315
R2,250 mg q6h,52.35,5.614414152795197
R2,250 mg q6h,52.4,5.569758139244408
R2,250 mg q6h,52.45,5.525343909567653
R2,250 mg q6h,52.5,5.481176850153176
R2,250 mg q6h,52.55,5.43726188665673
R2,250 mg q6h,52.6,5.393603511169324
R2,250 mg q6h,52.65,5.350205807850207
R2,250 mg q6h,52.7,5.307072477111159
R2,250 mg q6h,52.75,5.26420685843364
R2,250 mg q6h,52.8,5.221611951895316
R2,250 mg q6h,52.85,5.179290438478626
R2,250 mg q6h,52.9,5.137244699229724
R2,250 mg q6h,52.95,5.095476833332275
R2,250 mg q6h,53.0,5.053988675157238
R2,250 mg q6h,53.05,5.012781810345939
R2,250 mg q6h,53.1,4.971857590980911
R2,250 mg q6h,53.15,4.931217149895674
R2,250 mg q6h,53.2,4.890861414171789
R2,250 mg q6h,53.25,4.850791117868972
R2,250 mg q6h,53.3,4.811006814031222
R2,250 mg q6h,53.35,4.771508886009758
R2,250 mg q6h,53.4,4.7322975581411475
R2,250 mg q6h,53.45,4.693372905816773
R2,250 mg q6h,53.5,4.654734864978026
R2,250 mg q6h,53.55,4.616383241069333
R2,250 mg q6h,53.6,4.57831771747964
R2,250 mg q6h,53.65,4.540537863501075
R2,250 mg q6h,53.7,4.5030431418318795
R2,250 mg q6h,53.75,4.4658329156494005
R2,250 mg q6h,53.8,4.428906455277145
R2,250 mg q6h,53.85,4.392262944468901
R2,250 mg q6h,53.9,4.355901486331403
R2,250 mg q6h,53.95,4.319821108905844
R2,250 mg q6h,54.0,4.284020770427579
R2,250 mg q6h,54.05,4.6053992721524635
R2,250 mg q6h,54.1,4.904050993476603
R2,250 mg q6h,54.15,5.181289902008013
R2,250 mg q6h,54.2,5.438355944245082
R2,250 mg q6h,54.25,5.67641919967005
R2,250 mg q6h,54.3,5.896583801845564
R2,250 mg q6h,54.35,6.099891639580672
R2,250 mg q6h,54.4,6.287325850501327
R2,250 mg q6h,54.45,6.459814118668357
R2,250 mg q6h,54.5,6.618231787232075
R2,250 mg q6h,54.55,6.763404796497805
R2,250 mg q6h,54.6,6.8961124571933805
R2,250 mg q6h,54.65,7.017090068181444
R2,250 mg q6h,54.7,7.127031387340922
R2,250 mg q6h,54.75,7.226590963852118
R2,250 mg q6h,54.8,7.31638633965905
R2,250 mg q6h,54.85,7.3970001274457164
R2,250 mg q6h,54.9,7.468981972052168
R2,250 mg q6h,54.95,7.532850401867661
R2,250 mg q6h,55.0,7.589094576371272
R2,250 mg q6h,55.05,7.6381759356447745
R2,250 mg q6h,55.1,7.680529757355439
R2,250 mg q6h,55.15,7.7165666263984
R2,250 mg q6h,55.2,7.7466738220971125
R2,250 mg q6h,55.25,7.771216627585536
R2,250 mg q6h,55.3,7.7905395657366405
R2,250 mg q6h,55.35,7.804967565756798
R2,250 mg q6h,55.4,7.814807064334758
R2,250 mg q6h,55.45,7.820347045015738
R2,250 mg q6h,55.5,7.82186001926528
R2,250 mg q6h,55.55,7.8196029524933035
R2,250 mg q6h,55.6,7.813818138125261
R2,250 mg q6h,55.65,7.8047340226342845
R2,250 mg q6h,55.7,7.79256598428468
R2,250 mg q6h,55.75,7.777517068182986
R2,250 mg q6h,55.8,7.7597786800871065
R2,250 mg q6h,55.85,7.73953124128669
R2,250 mg q6h,55.9,7.716944806738124
R2,250 mg q6h,55.95,7.692179648515064
R2,250 mg q6h,56.0,7.665386806519923
R2,250 mg q6h,56.05,7.636708608292491
R2,250 mg q6h,56.1,7.606279159649026
R2,250 mg q6h,56.15,7.574224807787856
R2,250 mg q6h,56.2,7.540664578405741
R2,250 mg q6h,56.25,7.5057105882828195
R2,250 mg q6h,56.3,7.46946843471192
R2,250 mg q6h,56.35,7.432037563071146
R2,250 mg q6h,56.4,7.393511613765614
R2,250 mg q6h,56.45,7.3539787496954645
R2,250 mg q6h,56.5,7.313521965342578
R2,250 mg q6h,56.55,7.272219378506814
R2,250 mg q6h,56.6,7.230144505665148
R2,250 mg q6h,56.65,7.187366521872234
R2,250 mg q6h,56.7,7.1439505060694515
R2,250 mg q6h,56.75,7.099957672621027
R2,250 mg q6h,56.8,7.055445589849622
R2,250 mg q6h,56.85,7.0104683863007775
R2,250 mg q6h,56.9,6.965076945424485
R2,250 mg q6h,56.95,6.919319089323524
R2,250 mg q6h,57.0,6.873239752182059
R2,250 mg q6h,57.05,6.826881143953157
R2,250 mg q6h,57.1,6.780282904851842
R2,250 mg q6h,57.15,6.733482251169361
R2,250 mg q6h,57.2,6.686514112895511
R2,250 mg q6h,57.25,6.6394112636086575
R2,250 mg q6h,57.3,6.592204443067098
R2,250 mg q6h,57.35,6.544922472911327
R2,250 mg q6h,57.4,6.497592365863634
R2,250 mg q6h,57.45,6.450239428789774
R2,250 mg q6h,57.5,6.402887359967234
R2,250 mg q6h,57.55,6.355558340884885
R2,250 mg q6h,57.6,6.308273122881044
R2,250 mg q6h,57.65,6.26105110890943
R2,250 mg q6h,57.7,6.213910430706317
R2,250 mg q6h,57.75,6.1668680216170735
R2,250 mg q6h,57.8,6.11993968532543
R2,250 mg q6h,57.85,6.073140160715537
R2,250 mg q6h,57.9,6.026483183083738
R2,250 mg q6h,57.95,5.97998154190482
R2,250 mg q6h,58.0,5.933647135346231
R2,250 mg q6h,58.05,5.88749102171259
R2,250 mg q6h,58.1,5.841523467992872
R2,250 mg q6h,58.15,5.79575399567282
R2,250 mg q6h,58.2,5.75019142396601
R2,250 mg q6h,58.25,5.704843910608555
R2,250 mg q6h,58.3,5.6597189903540395
R2,250 mg q6h,58.35,5.614823611297899
R2,250 mg q6h,58.4,5.570164169153006
R2,250 mg q6h,58.45,5.525746539591424
R2,250 mg q6h,58.5,5.481576108761001
R2,250 mg q6h,58.55,5.437657802079104
R2,250 mg q6h,58.6,5.393996111400358
R2,250 mg q6h,58.65,5.3505951206496
R2,250 mg q6h,58.7,5.307458530006167
R2,250 mg q6h,58.75,5.26458967872102
R2,250 mg q6h,58.8,5.221991566643253
R2,250 mg q6h,58.85,5.179666874528654
R2,250 mg q6h,58.9,5.137617983198618
R2,250 mg q6h,58.95,5.095846991613935
R2,250 mg q6h,59.0,5.054355733924555
R2,250 mg q6h,59.05,5.013145795552646
R2,250 mg q6h,59.1,4.972218528363419
R2,250 mg q6h,59.15,4.931575064974886
R2,250 mg q6h,59.2,4.891216332254916
R2,250 mg q6h,59.25,4.8511430640513105
R2,250 mg q6h,59.3,4.811355813197934
R2,250 mg q6h,59.35,4.771854962837631
R2,250 mg q6h,59.4,4.732640737100339
R2,250 mg q6h,59.45,4.693713211172539
R2,250 mg q6h,59.5,4.6550723207924385
R2,250 mg q6h,59.55,4.6167178712029795
R2,250 mg q6h,59.6,4.578649545593313
R2,250 mg q6h,59.65,4.5408669130574415
R2,250 mg q6h,59.7,4.503369436097145
R2,250 mg q6h,59.75,4.46615647769495
R2,250 mg q6h,59.8,4.429227307981176
R2,250 mg q6h,59.85,4.392581110518041
R2,250 mg q6h,59.9,4.356216988222312
R2,250 mg q6h,59.95,4.3201339689468075
R2,250 mg q6h,60.0,4.284331010740084
R2,250 mg q6h,60.05,4.605706914672766
R2,250 mg q6h,60.1,4.904356059957271
R2,250 mg q6h,60.15,5.181592414019475
R2,250 mg q6h,60.2,5.4386559231771425
R2,250 mg q6h,60.25,5.676716666733409
R2,250 mg q6h,60.3,5.896878778073312
R2,250 mg q6h,60.35,6.100184145829781
R2,250 mg q6h,60.4,6.287615907454123
R2,250 mg q6h,60.45,6.460101746833982
R2,250 mg q6h,60.5,6.61851700694794
R2,250 mg q6h,60.55,6.7636876279310245
R2,250 mg q6h,60.6,6.896392920342201
R2,250 mg q6h,60.65,7.017368182876655
R2,250 mg q6h,60.7,7.127307173247262
R2,250 mg q6h,60.75,7.226864440469663
R2,250 mg q6h,60.8,7.316657526324592
R2,250 mg q6h,60.85,7.3972690433341315
R2,250 mg q6h,60.9,7.46924863617777
R2,250 mg q6h,60.95,7.53311483308555
R2,250 mg q6h,61.0,7.589356793378666
R2,250 mg q6h,61.05,7.6384359569823275
R2,250 mg q6h,61.1,7.680787601408556
R2,250 mg q6h,61.15,7.7168223113985395
R2,250 mg q6h,61.2,7.746927366123067
R2,250 mg q6h,61.25,7.771468048564719
R2,250 mg q6h,61.3,7.790788881446349
R2,250 mg q6h,61.35,7.8052147938254715
R2,250 mg q6h,61.4,7.815052222243225
R2,250 mg q6h,61.45,7.820590150098451
R2,250 mg q6h,61.5,7.822101088711542
R2,250 mg q6h,61.55,7.819842003348484
R2,250 mg q6h,61.6,7.8140551872919985
R2,250 mg q6h,61.65,7.804969086873685
R2,250 mg q6h,61.7,7.792799080217501
R2,250 mg q6h,61.75,7.777748212290809
R2,250 mg q6h,61.8,7.760007888713508
R2,250 mg q6h,61.85,7.73975853063839
R2,250 mg q6h,61.9,7.71717019288614
R2,250 mg q6h,61.95,7.692403147395841
R2,250 mg q6h,62.0,7.665608433936461
R2,250 mg q6h,62.05,7.636928379915466
R2,250 mg q6h,62.1,7.606497091017896
R2,250 mg q6h,62.15,7.574440914311959
R2,250 mg q6h,62.2,7.540878875365383
R2,250 mg q6h,62.25,7.50592309083036
R2,250 mg q6h,62.3,7.469679157872839
R2,250 mg q6h,62.35,7.43224652174511
R2,250 mg q6h,62.4,7.393718822727524
R2,250 mg q6h,62.45,7.354184223596507
R2,250 mg q6h,62.5,7.3137257187112565
R2,250 mg q6h,62.55,7.272421425749979
R2,250 mg q6h,62.6,7.230344861069012
R2,250 mg q6h,62.65,7.187565199603387
R2,250 mg q6h,62.7,7.144147520175859
R2,250 mg q6h,62.75,7.1001530370330235
R2,250 mg q6h,62.8,7.055639318380896
R2,250 mg q6h,62.85,7.01066049264935
R2,250 mg q6h,62.9,6.965267443173676
R2,250 mg q6h,62.95,6.9195079919429165
R2,250 mg q6h,63.0,6.873427073028443
R2,250 mg q6h,63.05,6.827066896271486
R2,250 mg q6h,63.1,6.780467101776157
R2,250 mg q6h,63.15,6.733664905723732
R2,250 mg q6h,63.2,6.686695237994944
R2,250 mg q6h,63.25,6.639590872060021
R2,250 mg q6h,63.3,6.59238254757002
R2,250 mg q6h,63.35,6.545099086059094
R2,250 mg q6h,63.4,6.497767500144084
R2,250 mg q6h,63.45,6.45041309658618
R2,250 mg q6h,63.5,6.403059573559174
R2,250 mg q6h,63.55,6.355729112449118
R2,250 mg q6h,63.6,6.308442464492366
R2,250 mg q6h,63.65,6.261219032541527
R2,250 mg q6h,63.7,6.214076948232616
R2,250 mg q6h,63.75,6.167033144811578
R2,250 mg q6h,63.8,6.1201034258635545
R2,250 mg q6h,63.85,6.073302530174932
R2,250 mg q6h,63.9,6.02664419294511
R2,250 mg q6h,63.95,5.980141203552739
R2,250 mg q6h,64.0,5.933805460069942
R2,250 mg q6h,64.05,5.887648020706806
R2,250 mg q6h,64.1,5.841679152358572
R2,250 mg q6h,64.15,5.795908376418009
R2,250 mg q6h,64.2,5.750344512006549
R2,250 mg q6h,64.25,5.704995716768879
R2,250 mg q6h,64.3,5.659869525367952
R2,250 mg q6h,64.35,5.614972885809331
R2,250 mg q6h,64.4,5.570312193716736
R2,250 mg q6h,64.45,5.525893324673886
R2,250 mg q6h,64.5,5.481721664740965
R2,250 mg q6h,64.55,5.437802139248442
R2,250 mg q6h,64.6,5.3941392399647645
R2,250 mg q6h,64.65,5.35073705072929
R2,250 mg q6h,64.7,5.307599271636653
R2,250 mg q6h,64.75,5.264729241853756
R2,250 mg q6h,64.8,5.22212996114637
R2,250 mg q6h,64.85,5.17980411018766
R2,250 mg q6h,64.9,5.1377540697170545
R2,250 mg q6h,64.95,5.095981938614132
R2,250 mg q6h,65.0,5.054489550948245
R2,250 mg q6h,65.05,5.0132784920616675
R2,250 mg q6h,65.1,4.972350113740387
R2,250 mg q6h,65.15,4.931705548523834
R2,250 mg q6h,65.2,4.891345723201997
R2,250 mg q6h,65.25,4.851271371545403
R2,250 mg q6h,65.3,4.811483046311315
R2,250 mg q6h,65.35,4.7719811305666155
R2,250 mg q6h,65.4,4.732765848365887
R2,250 mg q6h,65.45,4.6938372748209485
R2,250 mg q6h,65.5,4.655195345595908
R2,250 mg q6h,65.55,4.616839865860261
R2,250 mg q6h,65.6,4.578770518730325
R2,250 mg q6h,65.65,4.540986873227849
R2,250 mg q6h,65.7,4.5034883917830255
R2,250 mg q6h,65.75,4.466274437307332
R2,250 mg q6h,65.8,4.429344279860665
R2,250 mg q6h,65.85,4.392697102935407
R2,250 mg q6h,65.9,4.3563320093790505
R2,250 mg q6h,65.95,4.320248026975768
R2,250 mg q6h,66.0,4.284444113705998
R2,250 mg q6h,66.05,4.605819070572835
R2,250 mg q6h,66.1,4.9044672767216975
R2,250 mg q6h,66.15,5.181702699512214
R2,250 mg q6h,66.2,5.438765285196067
R2,250 mg q6h,66.25,5.676825113011249
R2,250 mg q6h,66.3,5.896986316278011
R2,250 mg q6h,66.35,6.100290783565046
R2,250 mg q6h,66.4,6.287721652260101
R2,250 mg q6h,66.45,6.460206606187525
R2,250 mg q6h,66.5,6.618620988263395
R2,250 mg q6h,66.55,6.763790738560627
R2,250 mg q6h,66.6,6.896495167576608
R2,250 mg q6h,66.65,7.0174695739455455
R2,250 mg q6h,66.7,7.127407715319671
R2,250 mg q6h,66.75,7.226964140654667
R2,250 mg q6h,66.8,7.31675639167172
R2,250 mg q6h,66.85,7.397367080833874
R2,250 mg q6h,66.9,7.469345852762126
R2,250 mg q6h,66.95,7.5332112356284116
R2,250 mg q6h,67.0,7.5894523886964045
R2,250 mg q6h,67.05,7.638530751834229
R2,250 mg q6h,67.1,7.680881602497305
R2,250 mg q6h,67.15,7.716915525370711
R2,250 mg q6h,67.2,7.747019799569557
R2,250 mg q6h,67.25,7.77155970802125
R2,250 mg q6h,67.3,7.790879773393913
R2,250 mg q6h,67.35,7.805304924690791
R2,250 mg q6h,67.4,7.815141598399215
R2,250 mg q6h,67.45,7.820678777864654
R2,250 mg q6h,67.5,7.822188974354588
R2,250 mg q6h,67.55,7.819929153082528
R2,250 mg q6h,67.6,7.814141607279165
R2,250 mg q6h,67.65,7.805054783224495
R2,250 mg q6h,67.7,7.792884058991314
R2,250 mg q6h,67.75,7.777832479496244
R2,250 mg q6h,67.8,7.76009145030887
R2,250 mg q6h,67.85,7.739841392532099
R2,250 mg q6h,67.9,7.717252360937126
R2,250 mg q6h,67.95,7.692484627413991
R2,250 mg q6h,68.0,7.6656892316830065
R2,250 mg q6h,68.05,7.637008501103398
R2,250 mg q6h,68.1,7.60657654131237
R2,250 mg q6h,68.15,7.574519699330676
R2,250 mg q6h,68.2,7.540957000679034
R2,250 mg q6h,68.25,7.50600056196297
R2,250 mg q6h,68.3,7.469755980302182
R2,250 mg q6h,68.35,7.4323227009030965
R2,250 mg q6h,68.4,7.393794364000562
R2,250 mg q6h,68.45,7.3542591323259305
R2,250 mg q6h,68.5,7.313800000193654
R2,250 mg q6h,68.55,7.272495085237593
R2,250 mg q6h,68.6,7.230417903770112
R2,250 mg q6h,68.65,7.187637630682607
R2,250 mg q6h,68.7,7.144219344754624
R2,250 mg q6h,68.75,7.100224260189847
R2,250 mg q6h,68.8,7.055709945151776
R2,250 mg q6h,68.85,7.010730528028121
R2,250 mg q6h,68.9,6.965336892112332
R2,250 mg q6h,68.95,6.91957685935202
R2,250 mg q6h,69.0,6.873495363777419
R2,250 mg q6h,69.05,6.827134615188987
R2,250 mg q6h,69.1,6.780534253650412
R2,250 mg q6h,69.15,6.733731495302848
R2,250 mg q6h,69.2,6.6867612699873105
R2,250 mg q6h,69.25,6.639656351134575
R2,250 mg q6h,69.3,6.592447478356609
R2,250 mg q6h,69.35,6.545163473148806
R2,250 mg q6h,69.4,6.497831348089535
R2,250 mg q6h,69.45,6.450476409901907
R2,250 mg q6h,69.5,6.403122356721884
R2,250 mg q6h,69.55,6.355791369898037
R2,250 mg q6h,69.6,6.3085042006295575
R2,250 mg q6h,69.65,6.261280251732167
R2,250 mg q6h,69.7,6.214137654805365
R2,250 mg q6h,69.75,6.167093343058829
R2,250 mg q6h,69.8,6.120163120041762
R2,250 mg q6h,69.85,6.073361724504918
R2,250 mg q6h,69.9,6.026702891612324
R2,250 mg q6h,69.95,5.980199410707627
R2,250 mg q6h,70.0,5.933863179828165
R2,250 mg q6h,70.05,5.887705257149573
R2,250 mg q6h,70.1,5.841735909532919
R2,250 mg q6h,70.15,5.79596465833708
R2,250 mg q6h,70.2,5.750400322649888
R2,250 mg q6h,70.25,5.705051060082706
R2,250 mg q6h,70.3,5.659924405265442
R2,250 mg q6h,70.35,5.615027306170892
R2,250 mg q6h,70.4,5.570366158390286
R2,250 mg q6h,70.45,5.5259468374751215
R2,250 mg q6h,70.5,5.4817747294536305
R2,250 mg q6h,70.55,5.437854759624599
R2,250 mg q6h,70.6,5.394191419725059
R2,250 mg q6h,70.65,5.350788793563212
R2,250 mg q6h,70.7,5.3076505812027985
R2,250 mg q6h,70.75,5.264780121780084
R2,250 mg q6h,70.8,5.222180415030465
R2,250 mg q6h,70.85,5.1798541415969765
R2,250 mg q6h,70.9,5.1378036821891815
R2,250 mg q6h,70.95,5.096031135657031
R2,250 mg q6h,71.0,5.0545383360405065
R2,250 mg q6h,71.05,5.0133268686527535
R2,250 mg q6h,71.1,4.972398085250877
R2,250 mg q6h,71.15,4.931753118345661
R2,250 mg q6h,71.2,4.891392894698695
R2,250 mg q6h,71.25,4.851318148052343
R2,250 mg q6h,71.3,4.811529431135934
R2,250 mg q6h,71.35,4.772027126988663
R2,250 mg q6h,71.4,4.732811459637643
R2,250 mg q6h,71.45,4.693882504167464
R2,250 mg q6h,71.5,4.655240196215226
R2,250 mg q6h,71.55,4.616884340923649
R2,250 mg q6h,71.6,4.578814621382493
R2,250 mg q6h,71.65,4.541030606587179
R2,250 mg q6h,71.7,4.503531758941783
R2,250 mg q6h,71.75,4.466317441331891
R2,250 mg q6h,71.8,4.429386923791725
R2,250 mg q6h,71.85,4.392739389788205
R2,250 mg q6h,71.9,4.356373942143575
R2,250 mg q6h,71.95,4.320289608616973
R2,250 mg q6h,72.0,4.284485347164006
R3,1000 mg q24h,0.0,0.0
R3,1000 mg q24h,0.05,1.4275996314820436
R3,1000 mg q24h,0.1,2.7631810792117637
R3,1000 mg q24h,0.15,4.012005103931123
R3,1000 mg q24h,0.2,5.179036588497123
R3,1000 mg q24h,0.25,6.268961138646745
R3,1000 mg q24h,0.3,7.286200752680906
R3,1000 mg q24h,0.35,8.23492861228575
R3,1000 mg q24h,0.4,9.119083043781254
R3,1000 mg q24h,0.45,9.94238069632246
R3,1000 mg q24h,0.5,10.708328980969656
R3,1000 mg q24h,0.55,11.420237812080666
R3,1000 mg q24h,0.6,12.08123069015372
R3,1000 mg q24h,0.65,12.694255163054759
R3,1000 mg q24h,0.7,13.262092700491866
R3,1000 mg q24h,0.75,13.78736801464416
R3,1000 mg q24h,0.8,14.272557858006923
R3,1000 mg q24h,0.85,14.719999327772868
R3,1000 mg q24h,0.9,15.13189770442482
R3,1000 mg q24h,0.95,15.510333850663287
R3,1000 mg q24h,1.0,15.857271195326962
R3,1000 mg q24h,1.05,16.174562325581658
R3,1000 mg q24h,1.1,16.463955209347436
R3,1000 mg q24h,1.15,16.727099068701964
R3,1000 mg q24h,1.2,16.965549923834594
R3,1000 mg q24h,1.25,17.180775826028395
R3,1000 mg q24h,1.3,17.37416179711063
R3,1000 mg q24h,1.35,17.547014491834325
R3,1000 mg q24h,1.4,17.700566598730262
R3,1000 mg q24h,1.45,17.835980994097106
R3,1000 mg q24h,1.5,17.954354662974918
R3,1000 mg q24h,1.55,18.05672240017073
R3,1000 mg q24h,1.6,18.144060303671885
R3,1000 mg q24h,1.65,18.217289072091237
R3,1000 mg q24h,1.7,18.277277117134833
R3,1000 mg q24h,1.75,18.324843501466873
R3,1000 mg q24h,1.8,18.360760711764367
R3,1000 mg q24h,1.85,18.385757276205076
R3,1000 mg q24h,1.9,18.40052023511372
R3,1000 mg q24h,1.95,18.405697473002146
R3,1000 mg q24h,2.0,18.40189991977738
R3,1000 mg q24h,2.05,18.389703628455326
R3,1000 mg q24h,2.1,18.36965173630636
R3,1000 mg q24h,2.15,18.34225631597088
R3,1000 mg q24h,2.2,18.308000122715807
R3,1000 mg q24h,2.25,18.2673382436572
R3,1000 mg q24h,2.3,18.22069965444742
R3,1000 mg q24h,2.35,18.168488688616808
R3,1000 mg q24h,2.4,18.11108642446888
R3,1000 mg q24h,2.45,18.048851994153164
R3,1000 mg q24h,2.5,17.982123819280673
R3,1000 mg q24h,2.55,17.911220777201912
R3,1000 mg q24h,2.6,17.836443301836532
R3,1000 mg q24h,2.65,17.75807442272545
R3,1000 mg q24h,2.7,17.676380745770505
R3,1000 mg q24h,2.75,17.591613378932216
R3,1000 mg q24h,2.8,17.504008805972994
R3,1000 mg q24h,2.85,17.413789711159858
R3,1000 mg q24h,2.9,17.321165757677303
R3,1000 mg q24h,2.95,17.226334322346748
R3,1000 mg q24h,3.0,17.129481189103316
R3,1000 mg q24h,3.05,17.030781203543295
R3,1000 mg q24h,3.1,16.93039889072584
R3,1000 mg q24h,3.15,16.828489038290073
R3,1000 mg q24h,3.2,16.725197246833083
R3,1000 mg q24h,3.25,16.620660449385245
R3,1000 mg q24h,3.3,16.51500740171624
R3,1000 mg q24h,3.35,16.408359145108072
R3,1000 mg q24h,3.4,16.30082944313942
R3,1000 mg q24h,3.45,16.19252519393915
R3,1000 mg q24h,3.5,16.0835468192851
R3,1000 mg q24h,3.55,15.973988631846984
R3,1000 mg q24h,3.6,15.863939181799388
R3,1000 mg q24h,3.65,15.75348158396227
R3,1000 mg q24h,3.7,15.642693826561135
R3,1000 mg q24h,3.75,15.531649062638172
R3,1000 mg q24h,3.8,15.420415885087474
R3,1000 mg q24h,3.85,15.309058586233121
R3,1000 mg q24h,3.9,15.197637402817216
R3,1000 mg q24h,3.95,15.086208747216455
R3,1000 mg q24h,4.0,14.974825425659775
R3,1000 mg q24h,4.05,14.86353684417645
R3,1000 mg q24h,4.1,14.752389202962918
R3,1000 mg q24h,4.15,14.641425679818195
R3,1000 mg q24h,4.2,14.530686603261143
R3,1000 mg q24h,4.25,14.420209615908547
R3,1000 mg q24h,4.3,14.310029828660463
R3,1000 mg q24h,4.35,14.20017996620862
R3,1000 mg q24h,4.4,14.090690504354779
R3,1000 mg q24h,4.45,13.981589799598614
R3,1000 mg q24h,4.5,13.872904211428896
R3,1000 mg q24h,4.55,13.764658217727455
R3,1000 mg q24h,4.6,13.656874523672421
R3,1000 mg q24h,4.65,13.549574164505561
R3,1000 mg q24h,4.7,13.442776602508049
R3,1000 mg q24h,4.75,13.33649981850975
R3,1000 mg q24h,4.8,13.230760398238798
R3,1000 mg q24h,4.85,13.125573613801077
R3,1000 mg q24h,4.9,13.020953500562989
R3,1000 mg q24h,4.95,12.916912929695487
R3,1000 mg q24h,5.0,12.813463676622966
R3,1000 mg q24h,5.05,12.71061648560691
R3,1000 mg q24h,5.1,12.60838113068123
R3,1000 mg q24h,5.15,12.506766473144209
R3,1000 mg q24h,5.2,12.405780515800306
R3,1000 mg q24h,5.25,12.305430454134385
R3,1000 mg q24h,5.3,12.205722724590556
R3,1000 mg q24h,5.35,12.106663050118264
R3,1000 mg q24h,5.4,12.00825648313909
R3,1000 mg q24h,5.45,11.910507446079134
R3,1000 mg q24h,5.5,11.813419769603666
R3,1000 mg q24h,5.55,11.716996728683213
R3,1000 mg q24h,5.6,11.621241076612801
R3,1000 mg q24h,5.65,11.526155077099416
R3,1000 mg q24h,5.7,11.43174053452619
R3,1000 mg q24h,5.75,11.337998822495788
R3,1000 mg q24h,5.8,11.244930910749675
R3,1000 mg q24h,5.85,11.152537390554587
R3,1000 mg q24h,5.9,11.060818498642284
R3,1000 mg q24h,5.95,10.969774139784029
R3,1000 mg q24h,6.0,10.87940390807643
R3,1000 mg q24h,6.05,10.789707107011184
R3,1000 mg q24h,6.1,10.700682768397115
R3,1000 mg q24h,6.15,10.612329670198982
R3,1000 mg q24h,6.2,10.524646353354086
R3,1000 mg q24h,6.25,10.437631137624122
R3,1000 mg q24h,6.3,10.351282136536605
R3,1000 mg q24h,6.35,10.26559727146706
R3,1000 mg q24h,6.4,10.180574284910408
R3,1000 mg q24h,6.45,10.096210752987123
R3,1000 mg q24h,6.5,10.012504097227325
R3,1000 mg q24h,6.55,9.929451595673408
R3,1000 mg q24h,6.6,9.847050393339662
R3,1000 mg q24h,6.65,9.765297512065061
R3,1000 mg q24h,6.7,9.684189859793449
R3,1000 mg q24h,6.75,9.603724239313426
R3,1000 mg q24h,6.8,9.52389735648833
R3,1000 mg q24h,6.85,9.444705828005178
R3,1000 mg q24h,6.9,9.366146188669617
R3,1000 mg q24h,6.95,9.288214898272553
R3,1000 mg q24h,7.0,9.210908348052655
R3,1000 mg q24h,7.05,9.134222866777495
R3,1000 mg q24h,7.1,9.05815472646495
R3,1000 mg q24h,7.15,8.982700147765136
R3,1000 mg q24h,7.2,8.907855305022107
R3,1000 mg q24h,7.25,8.833616331033404
R3,1000 mg q24h,7.3,8.759979321524568
R3,1000 mg q24h,7.35,8.686940339354758
R3,1000 mg q24h,7.4,8.61449541846869
R3,1000 mg q24h,7.45,8.542640567609299
R3,1000 mg q24h,7.5,8.471371773804648
R3,1000 mg q24h,7.55,8.400685005641943
R3,1000 mg q24h,7.6,8.330576216340694
R3,1000 mg q24h,7.65,8.261041346636464
R3,1000 mg q24h,7.7,8.192076327485958
R3,1000 mg q24h,7.75,8.123677082603598
R3,1000 mg q24h,7.8,8.055839530839206
R3,1000 mg q24h,7.85,7.98855958840584
R3,1000 mg q24h,7.9,7.921833170966288
R3,1000 mg q24h,7.95,7.855656195586329
R3,1000 mg q24h,8.0,7.790024582562364
R3,1000 mg q24h,8.05,7.724934257130549
R3,1000 mg q24h,8.1,7.660381151064294
R3,1000 mg q24h,8.15,7.596361204166417
R3,1000 mg q24h,8.2,7.532870365662113
R3,1000 mg q24h,8.25,7.469904595498305
R3,1000 mg q24h,8.3,7.407459865554861
R3,1000 mg q24h,8.35,7.345532160772689
R3,1000 mg q24h,8.4,7.2841174802035
R3,1000 mg q24h,8.45,7.223211837985817
R3,1000 mg q24h,8.5,7.162811264251393
R3,1000 mg q24h,8.55,7.102911805966164
R3,1000 mg q24h,8.6,7.043509527709464
R3,1000 mg q24h,8.65,6.984600512395104
R3,1000 mg q24h,8.7,6.926180861937722
R3,1000 mg q24h,8.75,6.868246697867557
R3,1000 mg q24h,8.8,6.810794161896678
R3,1000 mg q24h,8.85,6.753819416439502
R3,1000 mg q24h,8.9,6.697318645090289
R3,1000 mg q24h,8.95,6.641288053060132
R3,1000 mg q24h,9.0,6.585723867575828
R3,1000 mg q24h,9.05,6.530622338242913
R3,1000 mg q24h,9.1,6.475979737374925
R3,1000 mg q24h,9.15,6.421792360290954
R3,1000 mg q24h,9.2,6.368056525583348
R3,1000 mg q24h,9.25,6.314768575357348
R3,1000 mg q24h,9.3,6.261924875444373
R3,1000 mg q24h,9.35,6.209521815590482
R3,1000 mg q24h,9.4,6.15755580962157
R3,1000 mg q24h,9.45,6.106023295586685
R3,1000 mg q24h,9.5,6.054920735880778
R3,1000 mg q24h,9.55,6.004244617348193
R3,1000 mg q24h,9.6,5.953991451368041
R3,1000 mg q24h,9.65,5.904157773922575
R3,1000 mg q24h,9.7,5.854740145649665
R3,1000 mg q24h,9.75,5.805735151880315
R3,1000 mg q24h,9.8,5.757139402662191
R3,1000 mg q24h,9.85,5.708949532770038
R3,1000 mg q24h,9.9,5.661162201703809
R3,1000 mg q24h,9.95,5.613774093675313
R3,1000 mg q24h,10.0,5.56678191758411
R3,1000 mg q24h,10.05,5.520182406983352
R3,1000 mg q24h,10.1,5.473972320036232
R3,1000 mg q24h,10.15,5.428148439463664
R3,1000 mg q24h,10.2,5.382707572483784
R3,1000 mg q24h,10.25,5.337646550743797
R3,1000 mg q24h,10.3,5.292962230244749
R3,1000 mg q24h,10.35,5.248651491259639
R3,1000 mg q24h,10.4,5.204711238245391
R3,1000 mg q24h,10.45,5.161138399749107
R3,1000 mg q24h,10.5,5.117929928308983
R3,1000 mg q24h,10.55,5.075082800350326
R3,1000 mg q24h,10.6,5.032594016076986
R3,1000 mg q24h,10.65,4.990460599358581
R3,1000 mg q24h,10.7,4.948679597613815
R3,1000 mg q24h,10.75,4.907248081690206
R3,1000 mg q24h,10.8,4.86616314574052
R3,1000 mg q24h,10.85,4.825421907096149
R3,1000 mg q24h,10.9,4.785021506137704
R3,1000 mg q24h,10.95,4.744959106163094
R3,1000 mg q24h,11.0,4.705231893253247
R3,1000 mg q24h,11.05,4.66583707613575
R3,1000 mg q24h,11.1,4.6267718860465665
R3,1000 mg q24h,11.15,4.588033576590033
R3,1000 mg q24h,11.2,4.549619423597317
R3,1000 mg q24h,11.25,4.511526724983487
R3,1000 mg q24h,11.3,4.473752800603356
R3,1000 mg q24h,11.35,4.436294992106256
R3,1000 mg q24h,11.4,4.39915066278985
R3,1000 mg q24h,11.45,4.362317197453168
R3,1000 mg q24h,11.5,4.325792002248896
R3,1000 mg q24h,11.55,4.289572504535149
R3,1000 mg q24h,11.6,4.253656152726722
R3,1000 mg q24h,11.65,4.2180404161459935
R3,1000 mg q24h,11.7,4.182722784873551
R3,1000 mg q24h,11.75,4.147700769598611
R3,1000 mg q24h,11.8,4.112971901469356
R3,1000 mg q24h,11.85,4.078533731943218
R3,1000 mg q24h,11.9,4.044383832637216
R3,1000 mg q24h,11.95,4.010519795178403
R3,1000 mg q24h,12.0,3.9769392310544713
R3,1000 mg q24h,12.05,3.943639771464621
R3,1000 mg q24h,12.1,3.9106190671706784
R3,1000 mg q24h,12.15,3.8778747883485796
R3,1000 mg q24h,12.2,3.8454046244402273
R3,1000 mg q24h,12.25,3.813206284005781
R3,1000 mg q24h,12.3,3.7812774945764325
R3,1000 mg q24h,12.35,3.749616002507672
R3,1000 mg q24h,12.4,3.718219572833119
R3,1000 mg q24h,12.45,3.687085989118932
R3,1000 mg q24h,12.5,3.656213053318827
R3,1000 mg q24h,12.55,3.6255985856297386
R3,1000 mg q24h,12.6,3.595240424348155
R3,1000 mg q24h,12.65,3.565136425727134
R3,1000 mg q24h,12.7,3.535284463834053
R3,1000 mg q24h,12.75,3.505682430409081
R3,1000 mg q24h,12.8,3.476328234724412
R3,1000 mg q24h,12.85,3.447219803444273
R3,1000 mg q24h,12.9,3.41835508048572
R3,1000 mg q24h,12.95,3.389732026880245
R3,1000 mg q24h,13.0,3.361348620636191
R3,1000 mg q24h,13.05,3.3332028566020084
R3,1000 mg q24h,13.1,3.3052927463303496
R3,1000 mg q24h,13.15,3.27761631794301
R3,1000 mg q24h,13.2,3.250171615996737
R3,1000 mg q24h,13.25,3.222956701349902
R3,1000 mg q24h,13.3,3.1959696510300546
R3,1000 mg q24h,13.35,3.1692085581023544
R3,1000 mg q24h,13.4,3.1426715315388862
R3,1000 mg q24h,13.45,3.1163566960888778
R3,1000 mg q24h,13.5,3.090262192149797
R3,1000 mg q24h,13.55,3.064386175639369
R3,1000 mg q24h,13.6,3.0387268178684774
R3,1000 mg q24h,13.65,3.0132823054149727
R3,1000 mg q24h,13.7,2.988050839998392
R3,1000 mg q24h,13.75,2.963030638355582
R3,1000 mg q24h,13.8,2.938219932117221
R3,1000 mg q24h,13.85,2.913616967685261
R3,1000 mg q24h,13.9,2.889220006111255
R3,1000 mg q24h,13.95,2.865027322975618
R3,1000 mg q24h,14.0,2.841037208267764
R3,1000 mg q24h,14.05,2.8172479662671615
R3,1000 mg q24h,14.1,2.793657915425288
R3,1000 mg q24h,14.15,2.77026538824847
R3,1000 mg q24h,14.2,2.7470687311816424
R3,1000 mg q24h,14.25,2.7240663044929727
R3,1000 mg q24h,14.3,2.7012564821594034
R3,1000 mg q24h,14.35,2.678637651753056
R3,1000 mg q24h,14.4,2.6562082143285393
R3,1000 mg q24h,14.45,2.633966584311123
R3,1000 mg q24h,14.5,2.6119111893857903
R3,1000 mg q24h,14.55,2.590040470387173
R3,1000 mg q24h,14.6,2.5683528811903407
R3,1000 mg q24h,14.65,2.546846888602462
R3,1000 mg q24h,14.7,2.5255209722553214
R3,1000 mg q24h,14.75,2.5043736244986925
R3,1000 mg q24h,14.8,2.483403350294563
R3,1000 mg q24h,14.85,2.462608667112204
R3,1000 mg q24h,14.9,2.4419881048240732
R3,1000 mg q24h,14.95,2.421540205602571
R3,1000 mg q24h,15.0,2.401263523817607
R3,1000 mg q24h,15.05,2.381156625935006
R3,1000 mg q24h,15.1,2.361218090415731
R3,1000 mg q24h,15.15,2.3414465076159163
R3,1000 mg q24h,15.2,2.3218404796877223
R3,1000 mg q24h,15.25,2.302398620480984
R3,1000 mg q24h,15.3,2.283119555445663
R3,1000 mg q24h,15.35,2.264001921535099
R3,1000 mg q24h,15.4,2.2450443671100344
R3,1000 mg q24h,15.45,2.226245551843449
R3,1000 mg q24h,15.5,2.2076041466261427
R3,1000 mg q24h,15.55,2.1891188334731124
R3,1000 mg q24h,15.6,2.170788305430688
R3,1000 mg q24h,15.65,2.1526112664844286
R3,1000 mg q24h,15.7,2.1345864314677785
R3,1000 mg q24h,15.75,2.1167125259714683
R3,1000 mg q24h,15.8,2.0989882862536726
R3,1000 mg q24h,15.85,2.081412459150892
R3,1000 mg q24h,15.9,2.063983801989582
R3,1000 mg q24h,15.95,2.0467010824985055
R3,1000 mg q24h,16.0,2.029563078721803
R3,1000 mg q24h,16.05,2.0125685789327945
R3,1000 mg q24h,16.1,1.9957163815484804
R3,1000 mg q24h,16.15,1.9790052950447572
R3,1000 mg q24h,16.2,1.9624341378723291
R3,1000 mg q24h,16.25,1.9460017383733206
R3,1000 mg q24h,16.3,1.9297069346985787
R3,1000 mg q24h,16.35,1.913548574725658
R3,1000 mg q24h,16.4,1.8975255159774869
R3,1000 mg q24h,16.45,1.8816366255417094
R3,1000 mg q24h,16.5,1.8658807799906978
R3,1000 mg q24h,16.55,1.8502568653022256
R3,1000 mg q24h,16.6,1.8347637767808016
R3,1000 mg q24h,16.65,1.81940041897966
R3,1000 mg q24h,16.7,1.8041657056233882
R3,1000 mg q24h,16.75,1.7890585595312174
R3,1000 mg q24h,16.8,1.7740779125409332
R3,1000 mg q24h,16.85,1.7592227054334268
R3,1000 mg q24h,16.9,1.7444918878578761
R3,1000 mg q24h,16.95,1.7298844182575424
R3,1000 mg q24h,17.0,1.7153992637961957
R3,1000 mg q24h,17.05,1.7010354002851429
R3,1000 mg q24h,17.1,1.6867918121108703
R3,1000 mg q24h,17.15,1.6726674921632867
R3,1000 mg q24h,17.2,1.6586614417645635
R3,1000 mg q24h,17.25,1.644772670598571
R3,1000 mg q24h,17.3,1.6310001966409036
R3,1000 mg q24h,17.35,1.6173430460894833
R3,1000 mg q24h,17.4,1.6038002532957496
R3,1000 mg q24h,17.45,1.5903708606964144
R3,1000 mg q24h,17.5,1.5770539187457997
R3,1000 mg q24h,17.55,1.563848485848725
R3,1000 mg q24h,17.6,1.5507536282939667
R3,1000 mg q24h,17.65,1.537768420188267
R3,1000 mg q24h,17.7,1.5248919433908947
R3,1000 mg q24h,17.75,1.5121232874487547
R3,1000 mg q24h,17.8,1.4994615495320387
R3,1000 mg q24h,17.85,1.4869058343704114
R3,1000 mg q24h,17.9,1.474455254189733
R3,1000 mg q24h,17.95,1.4621089286493048
R3,1000 mg q24h,18.0,1.4498659847796498
R3,1000 mg q24h,18.05,1.4377255569208016
R3,1000 mg q24h,18.1,1.4256867866611165
R3,1000 mg q24h,18.15,1.4137488227765942
R3,1000 mg q24h,18.2,1.4019108211707054
R3,1000 mg q24h,18.25,1.3901719448147252
R3,1000 mg q24h,18.3,1.3785313636885625
R3,1000 mg q24h,18.35,1.3669882547220857
R3,1000 mg q24h,18.4,1.3555418017369385
R3,1000 mg q24h,18.45,1.3441911953888404
R3,1000 mg q24h,18.5,1.3329356331103757
R3,1000 mg q24h,18.55,1.321774319054253
R3,1000 mg q24h,18.6,1.310706464037047
R3,1000 mg q24h,18.65,1.2997312854834036
R3,1000 mg q24h,18.7,1.2888480073707163
R3,1000 mg q24h,18.75,1.2780558601742666
R3,1000 mg q24h,18.8,1.2673540808128185
R3,1000 mg q24h,18.85,1.256741912594672
R3,1000 mg q24h,18.9,1.2462186051641673
R3,1000 mg q24h,18.95,1.2357834144486322
R3,1000 mg q24h,19.0,1.2254356026057835
R3,1000 mg q24h,19.05,1.215174437971558
R3,1000 mg q24h,19.1,1.2049991950083851
R3,1000 mg q24h,19.15,1.194909154253892
R3,1000 mg q24h,19.2,1.1849036022700357
R3,1000 mg q24h,19.25,1.1749818315926652
R3,1000 mg q24h,19.3,1.165143140681503
R3,1000 mg q24h,19.35,1.1553868338705426
R3,1000 mg q24h,19.4,1.1457122213188686
R3,1000 mg q24h,19.45,1.136118618961877
R3,1000 mg q24h,19.5,1.1266053484629177
R3,1000 mg q24h,19.55,1.11717173716533
R3,1000 mg q24h,19.6,1.107817118044886
R3,1000 mg q24h,19.65,1.0985408296626293
R3,1000 mg q24h,19.7,1.089342216118109
R3,1000 mg q24h,19.75,1.0802206270030075
R3,1000 mg q24h,19.8,1.0711754173551513
R3,1000 mg q24h,19.85,1.0622059476129135
R3,1000 mg q24h,19.9,1.0533115835699922
R3,1000 mg q24h,19.95,1.0444916963305682
R3,1000 mg q24h,20.0,1.0357456622648435
R3,1000 mg q24h,20.05,1.0270728629649446
R3,1000 mg q24h,20.1,1.0184726852012007
R3,1000 mg q24h,20.15,1.0099445208787845
R3,1000 mg q24h,20.2,1.0014877669947149
R3,1000 mg q24h,20.25,0.9931018255952272
R3,1000 mg q24h,20.3,0.9847861037334898
R3,1000 mg q24h,20.35,0.9765400134276829
R3,1000 mg q24h,20.4,0.9683629716194239
R3,1000 mg q24h,20.45,0.9602544001325406
R3,1000 mg q24h,20.5,0.9522137256321945
R3,1000 mg q24h,20.55,0.9442403795843413
R3,1000 mg q24h,20.6,0.9363337982155316
R3,1000 mg q24h,20.65,0.9284934224730508
R3,1000 mg q24h,20.7,0.9207186979853879
R3,1000 mg q24h,20.75,0.9130090750230415
R3,1000 mg q24h,20.8,0.9053640084596495
R3,1000 mg q24h,20.85,0.8977829577334447
R3,1000 mg q24h,20.9,0.8902653868090352
R3,1000 mg q24h,20.95,0.8828107641395017
R3,1000 mg q24h,21.0,0.8754185626288156
R3,1000 mg q24h,21.05,0.8680882595945698
R3,1000 mg q24h,21.1,0.8608193367310207
R3,1000 mg q24h,21.15,0.8536112800724426
R3,1000 mg q24h,21.2,0.846463579956784
R3,1000 mg q24h,21.25,0.8393757309896352
R3,1000 mg q24h,21.3,0.8323472320084906
R3,1000 mg q24h,21.35,0.8253775860473148
R3,1000 mg q24h,21.4,0.8184663003014044
R3,1000 mg q24h,21.45,0.8116128860925396
R3,1000 mg q24h,21.5,0.8048168588344377
R3,1000 mg q24h,21.55,0.7980777379984846
R3,1000 mg q24h,21.6,0.7913950470797608
R3,1000 mg q24h,21.65,0.7847683135633488
R3,1000 mg q24h,21.7,0.778197068890921
R3,1000 mg q24h,21.75,0.771680848427613
R3,1000 mg q24h,21.8,0.765219191429169
R3,1000 mg q24h,21.85,0.7588116410093642
R3,1000 mg q24h,21.9,0.7524577441076995
R3,1000 mg q24h,21.95,0.746157051457367
R3,1000 mg q24h,22.0,0.7399091175534852
R3,1000 mg q24h,22.05,0.7337135006215968
R3,1000 mg q24h,22.1,0.7275697625864332
R3,1000 mg q24h,22.15,0.7214774690409403
R3,1000 mg q24h,22.2,0.7154361892155606
R3,1000 mg q24h,22.25,0.7094454959477771
R3,1000 mg q24h,22.3,0.7035049656519091
R3,1000 mg q24h,22.35,0.6976141782891616
R3,1000 mg q24h,22.4,0.6917727173379261
R3,1000 mg q24h,22.45,0.685980169764328
R3,1000 mg q24h,22.5,0.6802361259930247
R3,1000 mg q24h,22.55,0.6745401798782443
R3,1000 mg q24h,22.6,0.6688919286750682
R3,1000 mg q24h,22.65,0.6632909730109547
R3,1000 mg q24h,22.7,0.6577369168574992
R3,1000 mg q24h,22.75,0.6522293675024342
R3,1000 mg q24h,22.8,0.6467679355218613
R3,1000 mg q24h,22.85,0.6413522347527145
R3,1000 mg q24h,22.9,0.635981882265458
R3,1000 mg q24h,22.95,0.6306564983370079
R3,1000 mg q24h,23.0,0.6253757064238852
R3,1000 mg q24h,23.05,0.6201391331355909
R3,1000 mg q24h,23.1,0.6149464082082042
R3,1000 mg q24h,23.15,0.6097971644782026
R3,1000 mg q24h,23.2,0.6046910378565001
R3,1000 mg q24h,23.25,0.5996276673027044
R3,1000 mg q24h,23.3,0.5946066947995887
R3,1000 mg q24h,23.35,0.5896277653277764
R3,1000 mg q24h,23.4,0.5846905268406398
R3,1000 mg q24h,23.45,0.5797946302394066
R3,1000 mg q24h,23.5,0.5749397293484777
R3,1000 mg q24h,23.55,0.5701254808909487
R3,1000 mg q24h,23.6,0.5653515444643387
R3,1000 mg q24h,23.65,0.5606175825165208
R3,1000 mg q24h,23.7,0.5559232603218546
R3,1000 mg q24h,23.75,0.5512682459575194
R3,1000 mg q24h,23.8,0.5466522102800447
R3,1000 mg q24h,23.85,0.5420748269020363
R3,1000 mg q24h,23.9,0.5375357721691005
R3,1000 mg q24h,23.95,0.5330347251369563
R3,1000 mg q24h,24.0,0.5285713675487456
R3,1000 mg q24h,24.05,1.951745015294588
R3,1000 mg q24h,24.1,3.2829375401907672
R3,1000 mg q24h,24.15,4.527409392650288
R3,1000 mg q24h,24.2,5.690125147800012
R3,1000 mg q24h,24.25,6.775770106223271
R3,1000 mg q24h,24.3,7.788765963622627
R3,1000 mg q24h,24.35,8.733285601619679
R3,1000 mg q24h,24.4,9.613267048982365
R3,1000 mg q24h,24.45,10.432426659805438
R3,1000 mg q24h,24.5,11.194271552559387
R3,1000 mg q24h,24.55,11.902111351462294
R3,1000 mg q24h,24.6,12.559069269302126
R3,1000 mg q24h,24.65,13.168092568643653
R3,1000 mg q24h,24.7,13.731962436282895
R3,1000 mg q24h,24.75,14.253303303855716
R3,1000 mg q24h,24.8,14.734591645663329
R3,1000 mg q24h,24.85,15.17816428303382
R3,1000 mg q24h,24.9,15.586226222895318
R3,1000 mg q24h,24.95,15.960858056684305
R3,1000 mg q24h,25.0,16.304022944246814
R3,1000 mg q24h,25.05,16.617573206008412
R3,1000 mg q24h,25.1,16.903256545382476
R3,1000 mg q24h,25.15,17.16272192215479
R3,1000 mg q24h,25.2,17.397525096419198
R3,1000 mg q24h,25.25,17.6091338615411
R3,1000 mg q24h,25.3,17.79893298358978
R3,1000 mg q24h,25.35,17.968228863701864
R3,1000 mg q24h,25.4,18.118253938915384
R3,1000 mg q24h,25.45,18.250170836142157
R3,1000 mg q24h,25.5,18.365076293123593
R3,1000 mg q24h,25.55,18.464004859438845
R3,1000 mg q24h,25.6,18.54793238990079
R3,1000 mg q24h,25.65,18.617779341984
R3,1000 mg q24h,25.7,18.67441388827547
R3,1000 mg q24h,25.75,18.718654854322555
R3,1000 mg q24h,25.8,18.751274491670937
R3,1000 mg q24h,25.85,18.773001095335903
R3,1000 mg q24h,25.9,18.784521474432086
R3,1000 mg q24h,25.95,18.7864832841973
R3,1000 mg q24h,26.0,18.779497227184336
R3,1000 mg q24h,26.05,18.76413913095861
R3,1000 mg q24h,26.1,18.74095190922783
R3,1000 mg q24h,26.15,18.710447412941733
R3,1000 mg q24h,26.2,18.67310817753286
R3,1000 mg q24h,26.25,18.62938907212371
R3,1000 mg q24h,26.3,18.57971885619844
R3,1000 mg q24h,26.35,18.524501648929256
R3,1000 mg q24h,26.4,18.464118316056478
R3,1000 mg q24h,26.45,18.398927778946323
R3,1000 mg q24h,26.5,18.329268250191486
R3,1000 mg q24h,26.55,18.255458399874364
R3,1000 mg q24h,26.6,18.17779845638206
R3,1000 mg q24h,26.65,18.096571245443975
R3,1000 mg q24h,26.7,18.01204317085702
R3,1000 mg q24h,26.75,17.92446514016912
R3,1000 mg q24h,26.8,17.83407343840825
R3,1000 mg q24h,26.85,17.741090552771094
R3,1000 mg q24h,26.9,17.64572595102198
R3,1000 mg q24h,26.95,17.548176816198477
R3,1000 mg q24h,27.0,17.44862874007454
R3,1000 mg q24h,27.05,17.347256377694325
R3,1000 mg q24h,27.1,17.244224065160456
R3,1000 mg q24h,27.15,17.13968640273775
R3,1000 mg q24h,27.2,17.033788805217934
R3,1000 mg q24h,27.25,16.926668021381893
R3,1000 mg q24h,27.3,16.818452624292622
R3,1000 mg q24h,27.35,16.709263474055327
R3,1000 mg q24h,27.4,16.599214154588978
R3,1000 mg q24h,27.45,16.48841138586707
R3,1000 mg q24h,27.5,16.37695541300392
R3,1000 mg q24h,27.55,16.264940373484944
R3,1000 mg q24h,27.6,16.152454643767374
R3,1000 mg q24h,27.65,16.039581166408425
R3,1000 mg q24h,27.7,15.926397758813287
R3,1000 mg q24h,27.75,15.812977404634196
R3,1000 mg q24h,27.8,15.699388528793687
R3,1000 mg q24h,27.85,15.585695257050789
R3,1000 mg q24h,27.9,15.471957660977283
R3,1000 mg q24h,27.95,15.358231989162576
R3,1000 mg q24h,28.0,15.244570885419801
R3,1000 mg q24h,28.05,15.131023594722421
R3,1000 mg q24h,28.1,15.01763615755965
R3,1000 mg q24h,28.15,14.904451593360598
R3,1000 mg q24h,28.2,14.791510073600303
R3,1000 mg q24h,28.25,14.678849085166755
R3,1000 mg q24h,28.3,14.566503584535203
R3,1000 mg q24h,28.35,14.45450614326563
R3,1000 mg q24h,28.4,14.342887085310323
R3,1000 mg q24h,28.45,14.231674616590958
R3,1000 mg q24h,28.5,14.120894947279188
R3,1000 mg q24h,28.55,14.010572407190034
R3,1000 mg q24h,28.6,13.900729554674644
R3,1000 mg q24h,28.65,13.79138727937727
R3,1000 mg q24h,28.7,13.682564899200695
R3,1000 mg q24h,28.75,13.574280251805376
R3,1000 mg q24h,28.8,13.46654978094886
R3,1000 mg q24h,28.85,13.359388617955224
R3,1000 mg q24h,28.9,13.252810658587912
R3,1000 mg q24h,28.95,13.14682863558385
R3,1000 mg q24h,29.0,13.041454187092622
R3,1000 mg q24h,29.05,12.936697921250339
R3,1000 mg q24h,29.1,12.832569477105398
R3,1000 mg q24h,29.15,12.729077582100864
R3,1000 mg q24h,29.2,12.626230106306807
R3,1000 mg q24h,29.25,12.524034113585152
R3,1000 mg q24h,29.3,12.422495909859222
R3,1000 mg q24h,29.35,12.32162108865058
R3,1000 mg q24h,29.4,12.221414574036702
R3,1000 mg q24h,29.45,12.121880661174231
R3,1000 mg q24h,29.5,12.023023054524714
R3,1000 mg q24h,29.55,11.924844903911698
R3,1000 mg q24h,29.6,11.827348838531151
R3,1000 mg q24h,29.65,11.730536999030141
R3,1000 mg q24h,29.7,11.634411067762313
R3,1000 mg q24h,29.75,11.53897229732267
R3,1000 mg q24h,29.8,11.444221537458269
R3,1000 mg q24h,29.85,11.350159260446198
R3,1000 mg q24h,29.9,11.256785585024954
R3,1000 mg q24h,29.95,11.164100298960511
R3,1000 mg q24h,30.0,11.072102880323955
R3,1000 mg q24h,30.05,10.980792517553006
R3,1000 mg q24h,30.1,10.890168128365895
R3,1000 mg q24h,30.15,10.800228377592138
R3,1000 mg q24h,30.2,10.710971693981113
R3,1000 mg q24h,30.25,10.622396286046014
R3,1000 mg q24h,30.3,10.534500156997378
R3,1000 mg q24h,30.35,10.447281118817504
R3,1000 mg q24h,30.4,10.36073680552408
R3,1000 mg q24h,30.45,10.27486468566867
R3,1000 mg q24h,30.5,10.189662074113224
R3,1000 mg q24h,30.55,10.105126143125153
R3,1000 mg q24h,30.6,10.021253932829456
R3,1000 mg q24h,30.65,9.938042361054125
R3,1000 mg q24h,30.7,9.855488232602928
R3,1000 mg q24h,30.75,9.77358824798805
R3,1000 mg q24h,30.8,9.692339011652821
R3,1000 mg q24h,30.85,9.61173703971349
R3,1000 mg q24h,30.9,9.531778767247063
R3,1000 mg q24h,30.95,9.45246055515087
R3,1000 mg q24h,31.0,9.373778696598102
R3,1000 mg q24h,31.05,9.295729423111997
R3,1000 mg q24h,31.1,9.218308910280374
R3,1000 mg q24h,31.15,9.141513283130754
R3,1000 mg q24h,31.2,9.065338621185266
R3,1000 mg q24h,31.25,8.989780963213535
R3,1000 mg q24h,31.3,8.91483631170053
R3,1000 mg q24h,31.35,8.840500637045569
R3,1000 mg q24h,31.4,8.766769881507766
R3,1000 mg q24h,31.45,8.693639962912147
R3,1000 mg q24h,31.5,8.621106778130194
R3,1000 mg q24h,31.55,8.549166206347442
R3,1000 mg q24h,31.6,8.477814112130336
R3,1000 mg q24h,31.65,8.407046348303723
R3,1000 mg q24h,31.7,8.336858758649676
R3,1000 mg q24h,31.75,8.267247180437977
R3,1000 mg q24h,31.8,8.198207446797635
R3,1000 mg q24h,31.85,8.129735388938677
R3,1000 mg q24h,31.9,8.06182683823264
R3,1000 mg q24h,31.95,7.994477628159846
R3,1000 mg q24h,32.0,7.927683596131153
R3,1000 mg q24h,32.05,7.861440585191221
R3,1000 mg q24h,32.1,7.795744445610166
R3,1000 mg q24h,32.15,7.730591036370021
R3,1000 mg q24h,32.2,7.6659762265519
R3,1000 mg q24h,32.25,7.601895896629776
R3,1000 mg q24h,32.3,7.538345939676
R3,1000 mg q24h,32.35,7.475322262483854
R3,1000 mg q24h,32.4,7.412820786611829
R3,1000 mg q24h,32.45,7.350837449354067
R3,1000 mg q24h,32.5,7.289368204641443
R3,1000 mg q24h,32.55,7.228409023877043
R3,1000 mg q24h,32.6,7.167955896710082
R3,1000 mg q24h,32.65,7.108004831751705
R3,1000 mg q24h,32.7,7.048551857236022
R3,1000 mg q24h,32.75,6.989593021629736
R3,1000 mg q24h,32.8,6.931124394193156
R3,1000 mg q24h,32.85,6.87314206549561
R3,1000 mg q24h,32.9,6.815642147887888
R3,1000 mg q24h,32.95,6.758620775934135
R3,1000 mg q24h,33.0,6.7020741068058
R3,1000 mg q24h,33.05,6.645998320639645
R3,1000 mg q24h,33.1,6.590389620862136
R3,1000 mg q24h,33.15,6.535244234482133
R3,1000 mg q24h,33.2,6.480558412353725
R3,1000 mg q24h,33.25,6.4263284294111305
R3,1000 mg q24h,33.3,6.372550584877169
R3,1000 mg q24h,33.35,6.319221202447053
R3,1000 mg q24h,33.4,6.266336630448931
R3,1000 mg q24h,33.45,6.213893241982511
R3,1000 mg q24h,33.5,6.161887435037295
R3,1000 mg q24h,33.55,6.11031563259145
R3,1000 mg q24h,33.6,6.059174282692687
R3,1000 mg q24h,33.65,6.008459858522196
R3,1000 mg q24h,33.7,5.958168858442613
R3,1000 mg q24h,33.75,5.908297806031196
R3,1000 mg q24h,33.8,5.858843250098938
R3,1000 mg q24h,33.85,5.809801764696679
R3,1000 mg q24h,33.9,5.761169949108953
R3,1000 mg q24h,33.95,5.712944427836342
R3,1000 mg q24h,34.0,5.66512185056719
R3,1000 mg q24h,34.05,5.617698892139224
R3,1000 mg q24h,34.1,5.570672252491857
R3,1000 mg q24h,34.15,5.524038656609789
R3,1000 mg q24h,34.2,5.477794854458353
R3,1000 mg q24h,34.25,5.431937620911404
R3,1000 mg q24h,34.3,5.386463755671989
R3,1000 mg q24h,34.35,5.341370083186532
R3,1000 mg q24h,34.4,5.2966534525528575
R3,1000 mg q24h,34.45,5.252310737422489
R3,1000 mg q24h,34.5,5.208338835897747
R3,1000 mg q24h,34.55,5.164734670423852
R3,1000 mg q24h,34.6,5.121495187676571
R3,1000 mg q24h,34.65,5.078617358445676
R3,1000 mg q24h,34.7,5.036098177514461
R3,1000 mg q24h,34.75,4.993934663535808
R3,1000 mg q24h,34.8,4.952123858904871
R3,1000 mg q24h,34.85,4.910662829628818
R3,1000 mg q24h,34.9,4.869548665193834
R3,1000 mg q24h,34.95,4.8287784784295225
R3,1000 mg q24h,35.0,4.788349405371138
R3,1000 mg q24h,35.05,4.7482586051196245
R3,1000 mg q24h,35.1,4.708503259699857
R3,1000 mg q24h,35.15,4.669080573917165
R3,1000 mg q24h,35.2,4.629987775212307
R3,1000 mg q24h,35.25,4.591222113515157
R3,1000 mg q24h,35.3,4.5527808610971245
R3,1000 mg q24h,35.35,4.5146613124225725
R3,1000 mg q24h,35.4,4.476860783999323
R3,1000 mg q24h,35.45,4.43937661422832
R3,1000 mg q24h,35.5,4.40220616325272
R3,1000 mg q24h,35.55,4.365346812806336
R3,1000 mg q24h,35.6,4.328795966061703
R3,1000 mg q24h,35.65,4.292551047477787
R3,1000 mg q24h,35.7,4.256609502647407
R3,1000 mg q24h,35.75,4.220968798144553
R3,1000 mg q24h,35.8,4.185626421371558
R3,1000 mg q24h,35.85,4.15057988040631
R3,1000 mg q24h,35.9,4.115826703849541
R3,1000 mg q24h,35.95,4.081364440672186
R3,1000 mg q24h,36.0,4.047190660063034
R3,1000 mg q24h,36.05,4.013302951276538
R3,1000 mg q24h,36.1,3.9796989234810147
R3,1000 mg q24h,36.15,3.9463762056071783
R3,1000 mg q24h,36.2,3.913332446197062
R3,1000 mg q24h,36.25,3.8805653132534492
R3,1000 mg q24h,36.3,3.848072494089746
R3,1000 mg q24h,36.35,3.81585169518042
R3,1000 mg q24h,36.4,3.783900642012027
R3,1000 mg q24h,36.45,3.7522170789347893
R3,1000 mg q24h,36.5,3.720798769014876
R3,1000 mg q24h,36.55,3.68964349388729
R3,1000 mg q24h,36.6,3.658749053609481
R3,1000 mg q24h,36.65,3.6281132665156814
R3,1000 mg q24h,36.7,3.597733969071934
R3,1000 mg q24h,36.75,3.5676090157319433
R3,1000 mg q24h,36.8,3.5377362787936497
R3,1000 mg q24h,36.85,3.5081136482566198
R3,1000 mg q24h,36.9,3.4787390316802864
R3,1000 mg q24h,36.95,3.449610354042928
R3,1000 mg q24h,37.0,3.420725557601594
R3,1000 mg q24h,37.05,3.392082601752781
R3,1000 mg q24h,37.1,3.363679462894051
R3,1000 mg q24h,37.15,3.335514134286487
R3,1000 mg q24h,37.2,3.3075846259180155
R3,1000 mg q24h,37.25,3.27988896436767
R3,1000 mg q24h,37.3,3.252425192670677
R3,1000 mg q24h,37.35,3.225191370184516
R3,1000 mg q24h,37.4,3.198185572455848
R3,1000 mg q24h,37.45,3.171405891088353
R3,1000 mg q24h,37.5,3.1448504336115093
R3,1000 mg q24h,37.55,3.11851732335026
R3,1000 mg q24h,37.6,3.0924046992956202
R3,1000 mg q24h,37.65,3.0665107159762157
R3,1000 mg q24h,37.7,3.0408335433307085
R3,1000 mg q24h,37.75,3.015371366581197
R3,1000 mg q24h,37.8,2.9901223861074926
R3,1000 mg q24h,37.85,2.9650848173223556
R3,1000 mg q24h,37.9,2.940256890547651
R3,1000 mg q24h,37.95,2.915636850891401
R3,1000 mg q24h,38.0,2.891222958125802
R3,1000 mg q24h,38.05,2.8670134865661208
R3,1000 mg q24h,38.1,2.8430067249505306
R3,1000 mg q24h,38.15,2.8192009763208796
R3,1000 mg q24h,38.2,2.7955945579043178
R3,1000 mg q24h,38.25,2.772185800995908
R3,1000 mg q24h,38.3,2.7489730508420744
R3,1000 mg q24h,38.35,2.7259546665250025
R3,1000 mg q24h,38.4,2.703129020847927
R3,1000 mg q24h,38.45,2.680494500221297
R3,1000 mg q24h,38.5,2.658049504549874
R3,1000 mg q24h,38.55,2.635792447120667
R3,1000 mg q24h,38.6,2.613721754491799
R3,1000 mg q24h,38.65,2.591835866382236
R3,1000 mg q24h,38.7,2.570133235562371
R3,1000 mg q24h,38.75,2.548612327745524
R3,1000 mg q24h,38.8,2.5272716214802555
R3,1000 mg q24h,38.85,2.5061096080435856
R3,1000 mg q24h,38.9,2.485124791335049
R3,1000 mg q24h,38.95,2.4643156877715957
R3,1000 mg q24h,39.0,2.4436808261833574
R3,1000 mg q24h,39.05,2.423218747710232
R3,1000 mg q24h,39.1,2.4029280056993167
R3,1000 mg q24h,39.15,2.3828071656031886
R3,1000 mg q24h,39.2,2.3628548048789617
R3,1000 mg q24h,39.25,2.343069512888219
R3,1000 mg q24h,39.3,2.323449890797718
R3,1000 mg q24h,39.35,2.3039945514809235
R3,1000 mg q24h,39.4,2.2847021194203543
R3,1000 mg q24h,39.45,2.2655712306106843
R3,1000 mg q24h,39.5,2.2466005324627036
R3,1000 mg q24h,39.55,2.22778868370799
R3,1000 mg q24h,39.6,2.209134354304423
R3,1000 mg q24h,39.65,2.1906362253424465
R3,1000 mg q24h,39.7,2.1722929889520928
R3,1000 mg q24h,39.75,2.154103348210801
R3,1000 mg q24h,39.8,2.136066017051954
R3,1000 mg q24h,39.85,2.118179720174203
R3,1000 mg q24h,39.9,2.100443192951529
R3,1000 mg q24h,39.95,2.08285518134403
R3,1000 mg q24h,40.0,2.0654144418094718
R3,1000 mg q24h,40.05,2.048119741215546
R3,1000 mg q24h,40.1,2.030969856752864
R3,1000 mg q24h,40.15,2.013963575848676
R3,1000 mg q24h,40.2,1.9970996960812863
R3,1000 mg q24h,40.25,1.9803770250951995
R3,1000 mg q24h,40.3,1.9637943805169504
R3,1000 mg q24h,40.35,1.9473505898716357
R3,1000 mg q24h,40.4,1.9310444905001594
R3,1000 mg q24h,40.45,1.914874929477125
R3,1000 mg q24h,40.5,1.8988407635294497
R3,1000 mg q24h,40.55,1.8829408589556231
R3,1000 mg q24h,40.6,1.8671740915456516
R3,1000 mg q24h,40.65,1.85153934650168
R3,1000 mg q24h,40.7,1.8360355183592345
R3,1000 mg q24h,40.75,1.8206615109091724
R3,1000 mg q24h,40.8,1.8054162371202298
R3,1000 mg q24h,40.85,1.7902986190622525
R3,1000 mg q24h,40.9,1.7753075878300515
R3,1000 mg q24h,40.95,1.7604420834678818
R3,1000 mg q24h,41.0,1.745701054894578
R3,1000 mg q24h,41.05,1.7310834598292761
R3,1000 mg q24h,41.1,1.7165882647177908
R3,1000 mg q24h,41.15,1.7022144446595857
R3,1000 mg q24h,41.2,1.687960983335353
R3,1000 mg q24h,41.25,1.673826872935208
R3,1000 mg q24h,41.3,1.6598111140874696
R3,1000 mg q24h,41.35,1.645912715788041
R3,1000 mg q24h,41.4,1.6321306953303891
R3,1000 mg q24h,41.45,1.6184640782360826
R3,1000 mg q24h,41.5,1.6049118981859427
R3,1000 mg q24h,41.55,1.5914731969517388
R3,1000 mg q24h,41.6,1.5781470243284703
R3,1000 mg q24h,41.65,1.564932438067221
R3,1000 mg q24h,41.7,1.5518285038085473
R3,1000 mg q24h,41.75,1.5388342950164557
R3,1000 mg q24h,41.8,1.5259488929129041
R3,1000 mg q24h,41.85,1.5131713864128642
R3,1000 mg q24h,41.9,1.5005008720599347
R3,1000 mg q24h,41.95,1.4879364539624635
R3,1000 mg q24h,42.0,1.4754772437302424
R3,1000 mg q24h,42.05,1.4631223604116919
R3,1000 mg q24h,42.1,1.4508709304316025
R3,1000 mg q24h,42.15,1.438722087529382
R3,1000 mg q24h,42.2,1.4266749726978143
R3,1000 mg q24h,42.25,1.4147287341223462
R3,1000 mg q24h,42.3,1.4028825271208631
R3,1000 mg q24h,42.35,1.3911355140839827
R3,1000 mg q24h,42.4,1.3794868644158451
R3,1000 mg q24h,42.45,1.3679357544753878
R3,1000 mg q24h,42.5,1.3564813675181306
R3,1000 mg q24h,42.55,1.345122893638425
R3,1000 mg q24h,42.6,1.3338595297122062
R3,1000 mg q24h,42.65,1.3226904793402166
R3,1000 mg q24h,42.7,1.3116149527916954
R3,1000 mg q24h,42.75,1.3006321669485599
R3,1000 mg q24h,42.8,1.2897413452500295
R3,1000 mg q24h,42.85,1.278941717637729
R3,1000 mg q24h,42.9,1.2682325205012552
R3,1000 mg q24h,42.95,1.257612996624176
R3,1000 mg q24h,43.0,1.2470823951305106
R3,1000 mg q24h,43.05,1.2366399714316327
R3,1000 mg q24h,43.1,1.2262849871736312
R3,1000 mg q24h,43.15,1.2160167101851154
R3,1000 mg q24h,43.2,1.2058344144254378
R3,1000 mg q24h,43.25,1.1957373799333768
R3,1000 mg q24h,43.3,1.185724892776221
R3,1000 mg q24h,43.35,1.1757962449993018
R3,1000 mg q24h,43.4,1.165950734575941
R3,1000 mg q24h,43.45,1.1561876653578071
R3,1000 mg q24h,43.5,1.1465063470257082
R3,1000 mg q24h,43.55,1.136906095040775
R3,1000 mg q24h,43.6,1.1273862305960658
R3,1000 mg q24h,43.65,1.117946080568576
R3,1000 mg q24h,43.7,1.1085849774716396
R3,1000 mg q24h,43.75,1.0993022594077437
R3,1000 mg q24h,43.8,1.0900972700217215
R3,1000 mg q24h,43.85,1.0809693584543523
R3,1000 mg q24h,43.9,1.0719178792963422
R3,1000 mg q24h,43.95,1.062942192542686
R3,1000 mg q24h,44.0,1.0540416635474255
R3,1000 mg q24h,44.05,1.0452156629787672
R3,1000 mg q24h,44.1,1.036463566774591
R3,1000 mg q24h,44.15,1.0277847560983302
R3,1000 mg q24h,44.2,1.0191786172952058
R3,1000 mg q24h,44.25,1.010644541848851
R3,1000 mg q24h,44.3,1.0021819263382759
R3,1000 mg q24h,44.35,0.9937901723952055
R3,1000 mg q24h,44.4,0.9854686866617781
R3,1000 mg q24h,44.45,0.9772168807485807
R3,1000 mg q24h,44.5,0.969034171193058
R3,1000 mg q24h,44.55,0.9609199794182489
R3,1000 mg q24h,44.6,0.9528737316918835
R3,1000 mg q24h,44.65,0.9448948590858175
R3,1000 mg q24h,44.7,0.9369827974358006
R3,1000 mg q24h,44.75,0.9291369873015934
R3,1000 mg q24h,44.8,0.921356873927406
R3,1000 mg q24h,44.85,0.9136419072026758
R3,1000 mg q24h,44.9,0.9059915416231739
R3,1000 mg q24h,44.95,0.8984052362524292
R3,1000 mg q24h,45.0,0.8908824546834867
R3,1000 mg q24h,45.05,0.8834226650009755
R3,1000 mg q24h,45.1,0.8760253397435007
R3,1000 mg q24h,45.15,0.8686899558663516
R3,1000 mg q24h,45.2,0.8614159947045126
R3,1000 mg q24h,45.25,0.8542029419359979
R3,1000 mg q24h,45.3,0.8470502875454793
R3,1000 mg q24h,45.35,0.8399575257882264
R3,1000 mg q24h,45.4,0.832924155154353
R3,1000 mg q24h,45.45,0.8259496783333456
R3,1000 mg q24h,45.5,0.8190336021789133
R3,1000 mg q24h,45.55,0.8121754376741082
R3,1000 mg q24h,45.6,0.8053746998967534
R3,1000 mg q24h,45.65,0.7986309079851591
R3,1000 mg q24h,45.7,0.7919435851041139
R3,1000 mg q24h,45.75,0.7853122584111794
R3,1000 mg q24h,45.8,0.7787364590232476
R3,1000 mg q24h,45.85,0.7722157219833935
R3,1000 mg q24h,45.9,0.7657495862279996
R3,1000 mg q24h,45.95,0.7593375945541512
R3,1000 mg q24h,46.0,0.7529792935873149
R3,1000 mg q24h,46.05,0.7466742337492761
R3,1000 mg q24h,46.1,0.7404219692263538
R3,1000 mg q24h,46.15,0.7342220579378801
R3,1000 mg q24h,46.2,0.7280740615049375
R3,1000 mg q24h,46.25,0.721977545219367
R3,1000 mg q24h,46.3,0.715932078013028
R3,1000 mg q24h,46.35,0.7099372324273197
R3,1000 mg q24h,46.4,0.7039925845829588
R3,1000 mg q24h,46.45,0.698097714150004
R3,1000 mg q24h,46.5,0.6922522043181412
R3,1000 mg q24h,46.55,0.6864556417672069
R3,1000 mg q24h,46.6,0.6807076166379652
R3,1000 mg q24h,46.65,0.6750077225031317
R3,1000 mg q24h,46.7,0.6693555563386288
R3,1000 mg q24h,46.75,0.663750718495097
R3,1000 mg q24h,46.8,0.6581928126696311
R3,1000 mg q24h,46.85,0.6526814458777592
R3,1000 mg q24h,46.9,0.6472162284256614
R3,1000 mg q24h,46.95,0.6417967738826075
R3,1000 mg q24h,47.0,0.6364226990536413
R3,1000 mg q24h,47.05,0.6310936239524799
R3,1000 mg q24h,47.1,0.625809171774649
R3,1000 mg q24h,47.15,0.6205689688708412
R3,1000 mg q24h,47.2,0.6153726447204926
R3,1000 mg q24h,47.25,0.6102198319055885
R3,1000 mg q24h,47.3,0.6051101660846809
R3,1000 mg q24h,47.35,0.6000432859671284
R3,1000 mg q24h,47.4,0.5950188332875516
R3,1000 mg q24h,47.45,0.5900364527804978
R3,1000 mg q24h,47.5,0.5850957921553257
R3,1000 mg q24h,47.55,0.5801965020712914
R3,1000 mg q24h,47.6,0.5753382361128501
R3,1000 mg q24h,47.65,0.5705206507651626
R3,1000 mg q24h,47.7,0.5657434053898034
R3,1000 mg q24h,47.75,0.5610061622006787
R3,1000 mg q24h,47.8,0.5563085862401398
R3,1000 mg q24h,47.85,0.5516503453552984
R3,1000 mg q24h,47.9,0.5470311101745469
R3,1000 mg q24h,47.95,0.5424505540842601
R3,1000 mg q24h,48.0,0.5379083532057114
R3,1000 mg q24h,48.05,1.9610038178541302
R3,1000 mg q24h,48.1,3.292118814317963
R3,1000 mg q24h,48.15,4.536513787528112
R3,1000 mg q24h,48.2,5.699153307175682
R3,1000 mg q24h,48.25,6.78472266845337
R3,1000 mg q24h,48.3,7.797643561718631
R3,1000 mg q24h,48.35,8.74208886329268
R3,1000 mg q24h,48.4,9.621996596687122
R3,1000 mg q24h,48.45,10.441083110784723
R3,1000 mg q24h,48.5,11.202855518887324
R3,1000 mg q24h,48.55,11.910623440087937
R3,1000 mg q24h,48.6,12.567510082092344
R3,1000 mg q24h,48.65,13.176462702425445
R3,1000 mg q24h,48.7,13.740262482885827
R3,1000 mg q24h,48.75,14.261533850153556
R3,1000 mg q24h,48.8,14.742753273615758
R3,1000 mg q24h,48.85,15.186257569727548
R3,1000 mg q24h,48.9,15.594251740584728
R3,1000 mg q24h,48.95,15.968816372832075
R3,1000 mg q24h,49.0,16.31191462156391
R3,1000 mg q24h,49.05,16.625398802494
R3,1000 mg q24h,49.1,16.911016614363366
R3,1000 mg q24h,49.15,17.170417012324457
R3,1000 mg q24h,49.2,17.40515575187667
R3,1000 mg q24h,49.25,17.61670062182936
R3,1000 mg q24h,49.3,17.80643638373399
R3,1000 mg q24h,49.35,17.975669434247184
R3,1000 mg q24h,49.4,18.125632205964422
R3,1000 mg q24h,49.45,18.257487321392237
R3,1000 mg q24h,49.5,18.372331513903585
R3,1000 mg q24h,49.55,18.47119932874579
R3,1000 mg q24h,49.6,18.555066616436175
R3,1000 mg q24h,49.65,18.624853830189682
R3,1000 mg q24h,49.7,18.681429138369392
R3,1000 mg q24h,49.75,18.72561136233406
R3,1000 mg q24h,49.8,18.758172749475904
R3,1000 mg q24h,49.85,18.77984159069149
R3,1000 mg q24h,49.9,18.79130469101122
R3,1000 mg q24h,49.95,18.793209701622885
R3,1000 mg q24h,50.0,18.786167321063157
R3,1000 mg q24h,50.05,18.770753372914974
R3,1000 mg q24h,50.1,18.747510766936895
R3,1000 mg q24h,50.15,18.71695135016259
R3,1000 mg q24h,50.2,18.679557654141323
R3,1000 mg q24h,50.25,18.635784544144837
R3,1000 mg q24h,50.3,18.586060775838757
R3,1000 mg q24h,50.35,18.530790464608753
R3,1000 mg q24h,50.4,18.470354472440306
R3,1000 mg q24h,50.45,18.405111716976233
R3,1000 mg q24h,50.5,18.33540040711702
R3,1000 mg q24h,50.55,18.261539209283765
R3,1000 mg q24h,50.6,18.183828348232897
R3,1000 mg q24h,50.65,18.102550646093608
R3,1000 mg q24h,50.7,18.017972503092683
R3,1000 mg q24h,50.75,17.93034482323789
R3,1000 mg q24h,50.8,17.839903888046614
R3,1000 mg q24h,50.85,17.74687218123436
R3,1000 mg q24h,50.9,17.65145916711347
R3,1000 mg q24h,50.95,17.553862025298397
R3,1000 mg q24h,51.0,17.454266344168655
R3,1000 mg q24h,51.05,17.352846775402384
R3,1000 mg q24h,51.1,17.249767651764348
R3,1000 mg q24h,51.15,17.145183570209497
R3,1000 mg q24h,51.2,17.03923994224738
R3,1000 mg q24h,51.25,16.932073513404212
R3,1000 mg q24h,51.3,16.823812853515538
R3,1000 mg q24h,51.35,16.71457881948614
R3,1000 mg q24h,51.4,16.60448499206139
R3,1000 mg q24h,51.45,16.49363808806775
R3,1000 mg q24h,51.5,16.38213834949885
R3,1000 mg q24h,51.55,16.27007991074555
R3,1000 mg q24h,51.6,16.157551145196432
R3,1000 mg q24h,51.65,16.04463499236577
R3,1000 mg q24h,51.7,15.931409266641278
R3,1000 mg q24h,51.75,15.81794694868302
R3,1000 mg q24h,51.8,15.704316460446364
R3,1000 mg q24h,51.85,15.590581924748022
R3,1000 mg q24h,51.9,15.476803410242141
R3,1000 mg q24h,51.95,15.363037162624876
R3,1000 mg q24h,52.0,15.249335822840383
R3,1000 mg q24h,52.05,15.135748633017123
R3,1000 mg q24h,52.1,15.02232163082314
R3,1000 mg q24h,52.15,14.909097832890025
R3,1000 mg q24h,52.2,14.796117407918693
R3,1000 mg q24h,52.25,14.683417840046278
R3,1000 mg q24h,52.3,14.571034083020155
R3,1000 mg q24h,52.35,14.4589987056953
R3,1000 mg q24h,52.4,14.347342029341657
R3,1000 mg q24h,52.45,14.236092257220992
R3,1000 mg q24h,52.5,14.125275596867365
R3,1000 mg q24h,52.55,14.014916375480237
R3,1000 mg q24h,52.6,13.90503714881711
R3,1000 mg q24h,52.65,13.79565880395034
R3,1000 mg q24h,52.7,13.686800656232313
R3,1000 mg q24h,52.75,13.578480540794484
R3,1000 mg q24h,52.8,13.47071489888653
R3,1000 mg q24h,52.85,13.363518859345675
R3,1000 mg q24h,52.9,13.256906315469347
R3,1000 mg q24h,52.95,13.150889997549086
R3,1000 mg q24h,53.0,13.045481541309595
R3,1000 mg q24h,53.05,12.940691552482376
R3,1000 mg q24h,53.1,12.836529667731348
R3,1000 mg q24h,53.15,12.733004612135105
R3,1000 mg q24h,53.2,12.630124253419007
R3,1000 mg q24h,53.25,12.527895653119938
R3,1000 mg q24h,53.3,12.426325114855612
R3,1000 mg q24h,53.35,12.32541822986129
R3,1000 mg q24h,53.4,12.225179919947326
R3,1000 mg q24h,53.45,12.12561447802219
R3,1000 mg q24h,53.5,12.026725606318115
R3,1000 mg q24h,53.55,11.928516452447967
R3,1000 mg q24h,53.6,11.83098964341554
R3,1000 mg q24h,53.65,11.734147317694129
R3,1000 mg q24h,53.7,11.63799115548176
R3,1000 mg q24h,53.75,11.542522407235912
R3,1000 mg q24h,53.8,11.447741920583978
R3,1000 mg q24h,53.85,11.353650165701133
R3,1000 mg q24h,53.9,11.260247259241591
R3,1000 mg q24h,53.95,11.167532986904465
R3,1000 mg q24h,54.0,11.075506824711328
R3,1000 mg q24h,54.05,10.984167959067493
R3,1000 mg q24h,54.1,10.89351530567583
R3,1000 mg q24h,54.15,10.803547527367382
R3,1000 mg q24h,54.2,10.71426305090977
R3,1000 mg q24h,54.25,10.625660082851036
R3,1000 mg q24h,54.3,10.537736624453018
R3,1000 mg q24h,54.35,10.450490485765608
R3,1000 mg q24h,54.4,10.363919298890313
R3,1000 mg q24h,54.45,10.278020530478527
R3,1000 mg q24h,54.5,10.192791493507968
R3,1000 mg q24h,54.55,10.108229358377569
R3,1000 mg q24h,54.6,10.024331163359491
R3,1000 mg q24h,54.65,9.941093824444435
R3,1000 mg q24h,54.7,9.858514144614231
R3,1000 mg q24h,54.75,9.776588822574414
R3,1000 mg q24h,54.8,9.695314460976762
R3,1000 mg q24h,54.85,9.61468757416097
R3,1000 mg q24h,54.9,9.5347045954424
R3,1000 mg q24h,54.95,9.455361883971463
R3,1000 mg q24h,55.0,9.376655731189071
R3,1000 mg q24h,55.05,9.298582366900684
R3,1000 mg q24h,55.1,9.221137964990703
R3,1000 mg q24h,55.15,9.144318648797544
R3,1000 mg q24h,55.2,9.068120496168328
R3,1000 mg q24h,55.25,8.99253954421174
R3,1000 mg q24h,55.3,8.917571793765676
R3,1000 mg q24h,55.35,8.843213213596192
R3,1000 mg q24h,55.4,8.769459744342821
R3,1000 mg q24h,55.45,8.696307302224556
R3,1000 mg q24h,55.5,8.623751782520317
R3,1000 mg q24h,55.55,8.551789062836386
R3,1000 mg q24h,55.6,8.480415006173184
R3,1000 mg q24h,55.65,8.409625463802662
R3,1000 mg q24h,55.7,8.339416277966983
R3,1000 mg q24h,55.75,8.269783284408941
R3,1000 mg q24h,55.8,8.200722314743308
R3,1000 mg q24h,55.85,8.13222919867856
R3,1000 mg q24h,55.9,8.064299766097282
R3,1000 mg q24h,55.95,7.996929849003284
R3,1000 mg q24h,56.0,7.930115283343302
R3,1000 mg q24h,56.05,7.863851910710102
R3,1000 mg q24h,56.1,7.798135579934087
R3,1000 mg q24h,56.15,7.732962148569625
R3,1000 mg q24h,56.2,7.668327484282117
R3,1000 mg q24h,56.25,7.604227466141683
R3,1000 mg q24h,56.3,7.540657985828573
R3,1000 mg q24h,56.35,7.477614948755623
R3,1000 mg q24h,56.4,7.415094275112443
R3,1000 mg q24h,56.45,7.353091900835748
R3,1000 mg q24h,56.5,7.291603778510359
R3,1000 mg q24h,56.55,7.230625878204577
R3,1000 mg q24h,56.6,7.17015418824401
R3,1000 mg q24h,56.65,7.110184715927276
R3,1000 mg q24h,56.7,7.050713488186952
R3,1000 mg q24h,56.75,6.991736552199105
R3,1000 mg q24h,56.8,6.9332499759442126
R3,1000 mg q24h,56.85,6.8752498487224925
R3,1000 mg q24h,56.9,6.817732281626248
R3,1000 mg q24h,56.95,6.7606934079716785
R3,1000 mg q24h,57.0,6.704129383692734
R3,1000 mg q24h,57.05,6.648036387699039
R3,1000 mg q24h,57.1,6.592410622200202
R3,1000 mg q24h,57.15,6.537248312998409
R3,1000 mg q24h,57.2,6.482545709751184
R3,1000 mg q24h,57.25,6.4282990862061995
R3,1000 mg q24h,57.3,6.374504740409659
R3,1000 mg q24h,57.35,6.321158994890018
R3,1000 mg q24h,57.4,6.268258196818436
R3,1000 mg q24h,57.45,6.215798718147315
R3,1000 mg q24h,57.5,6.163776955728467
R3,1000 mg q24h,57.55,6.112189331411889
R3,1000 mg q24h,57.6,6.061032292126569
R3,1000 mg q24h,57.65,6.010302309944344
R3,1000 mg q24h,57.7,5.959995882127784
R3,1000 mg q24h,57.75,5.910109531163296
R3,1000 mg q24h,57.8,5.860639804780152
R3,1000 mg q24h,57.85,5.811583275956529
R3,1000 mg q24h,57.9,5.762936542913284
R3,1000 mg q24h,57.95,5.714696229096223
R3,1000 mg q24h,58.0,5.666858983147753
R3,1000 mg q24h,58.05,5.619421478868415
R3,1000 mg q24h,58.1,5.572380415169127
R3,1000 mg q24h,58.15,5.5257325160147
R3,1000 mg q24h,58.2,5.479474530359125
R3,1000 mg q24h,58.25,5.433603232073376
R3,1000 mg q24h,58.3,5.388115419866025
R3,1000 mg q24h,58.35,5.343007917197339
R3,1000 mg q24h,58.4,5.298277572187249
R3,1000 mg q24h,58.45,5.2539212575175736
R3,1000 mg q24h,58.5,5.209935870329045
R3,1000 mg q24h,58.55,5.16631833211335
R3,1000 mg q24h,58.6,5.123065588600705
R3,1000 mg q24h,58.65,5.080174609643247
R3,1000 mg q24h,58.7,5.037642389094493
R3,1000 mg q24h,58.75,4.995465944685324
R3,1000 mg q24h,58.8,4.9536423178966205
R3,1000 mg q24h,58.85,4.912168573828931
R3,1000 mg q24h,58.9,4.871041801069411
R3,1000 mg q24h,58.95,4.830259111556162
R3,1000 mg q24h,59.0,4.789817640440407
R3,1000 mg q24h,59.05,4.749714545946454
R3,1000 mg q24h,59.1,4.709947009229885
R3,1000 mg q24h,59.15,4.670512234234017
R3,1000 mg q24h,59.2,4.631407447544812
R3,1000 mg q24h,59.25,4.592629898244508
R3,1000 mg q24h,59.3,4.554176857763973
R3,1000 mg q24h,59.35,4.516045619734066
R3,1000 mg q24h,59.4,4.478233499836089
R3,1000 mg q24h,59.45,4.440737835651384
R3,1000 mg q24h,59.5,4.403555986510368
R3,1000 mg q24h,59.55,4.36668533334092
R3,1000 mg q24h,59.6,4.330123278516391
R3,1000 mg q24h,59.65,4.293867245703253
R3,1000 mg q24h,59.7,4.257914679708469
R3,1000 mg q24h,59.75,4.222263046326751
R3,1000 mg q24h,59.8,4.1869098321876805
R3,1000 mg q24h,59.85,4.151852544602866
R3,1000 mg q24h,59.9,4.1170887114131745
R3,1000 mg q24h,59.95,4.082615880836039
R3,1000 mg q24h,60.0,4.048431621313057
R3,1000 mg q24h,60.05,4.0145335213577455
R3,1000 mg q24h,60.1,3.980919189403689
R3,1000 mg q24h,60.15,3.947586253653023
R3,1000 mg q24h,60.2,3.914532361925302
R3,1000 mg q24h,60.25,3.8817551815068816
R3,1000 mg q24h,60.3,3.8492523990007372
R3,1000 mg q24h,60.35,3.8170217201768555
R3,1000 mg q24h,60.4,3.785060869823211
R3,1000 mg q24h,60.45,3.753367591597292
R3,1000 mg q24h,60.5,3.7219396478783375
R3,1000 mg q24h,60.55,3.690774819620169
R3,1000 mg q24h,60.6,3.659870906204761
R3,1000 mg q24h,60.65,3.629225725296526
R3,1000 mg q24h,60.7,3.5988371126972956
R3,1000 mg q24h,60.75,3.5687029222021245
R3,1000 mg q24h,60.8,3.5388210254558183
R3,1000 mg q24h,60.85,3.50918931181028
R3,1000 mg q24h,60.9,3.479805688182699
R3,1000 mg q24h,60.95,3.45066807891449
R3,1000 mg q24h,61.0,3.4217744256311704
R3,1000 mg q24h,61.05,3.3931226871029945
R3,1000 mg q24h,61.1,3.364710839106524
R3,1000 mg q24h,61.15,3.336536874287042
R3,1000 mg q24h,61.2,3.308598802021833
R3,1000 mg q24h,61.25,3.2808946482843995
R3,1000 mg q24h,61.3,3.253422455509509
R3,1000 mg q24h,61.35,3.226180282459209
R3,1000 mg q24h,61.4,3.1991662040897153
R3,1000 mg q24h,61.45,3.172378311419205
R3,1000 mg q24h,61.5,3.145814711396558
R3,1000 mg q24h,61.55,3.1194735267709808
R3,1000 mg q24h,61.6,3.0933528959625707
R3,1000 mg q24h,61.65,3.0674509729338184
R3,1000 mg q24h,61.7,3.0417659270619906
R3,1000 mg q24h,61.75,3.0162959430124903
R3,1000 mg q24h,61.8,2.9910392206130965
R3,1000 mg q24h,61.85,2.965993974729159
R3,1000 mg q24h,61.9,2.9411584351397155
R3,1000 mg q24h,61.95,2.9165308464145068
R3,1000 mg q24h,62.0,2.8921094677919554
R3,1000 mg q24h,62.05,2.867892573058023
R3,1000 mg q24h,62.1,2.8438784504260104
R3,1000 mg q24h,62.15,2.8200654024172875
R3,1000 mg q24h,62.2,2.7964517457428864
R3,1000 mg q24h,62.25,2.773035811186071
R3,1000 mg q24h,62.3,2.749815943485754
R3,1000 mg q24h,62.35,2.726790501220858
R3,1000 mg q24h,62.4,2.7039578566955695
R3,1000 mg q24h,62.45,2.681316395825468
R3,1000 mg q24h,62.5,2.6588645180245893
R3,1000 mg q24h,62.55,2.6366006360933256
R3,1000 mg q24h,62.6,2.6145231761072583
R3,1000 mg q24h,62.65,2.59263057730685
R3,1000 mg q24h,62.7,2.570921291988001
R3,1000 mg q24h,62.75,2.5493937853935087
R3,1000 mg q24h,62.8,2.5280465356053523
R3,1000 mg q24h,62.85,2.5068780334378764
R3,1000 mg q24h,62.9,2.4858867823318156
R3,1000 mg q24h,62.95,2.465071298249161
R3,1000 mg q24h,63.0,2.4444301095688954
R3,1000 mg q24h,63.05,2.423961756983544
R3,1000 mg q24h,63.1,2.4036647933965805
R3,1000 mg q24h,63.15,2.383537783820669
R3,1000 mg q24h,63.2,2.363579305276697
R3,1000 mg q24h,63.25,2.3437879466936735
R3,1000 mg q24h,63.3,2.3241623088094037
R3,1000 mg q24h,63.35,2.304701004071991
R3,1000 mg q24h,63.4,2.285402656542156
R3,1000 mg q24h,63.45,2.2662659017963063
R3,1000 mg q24h,63.5,2.2472893868304666
R3,1000 mg q24h,63.55,2.2284717699649237
R3,1000 mg q24h,63.6,2.209811720749709
R3,1000 mg q24h,63.65,2.191307919870835
R3,1000 mg q24h,63.7,2.1729590590572876
R3,1000 mg q24h,63.75,2.154763840988818
R3,1000 mg q24h,63.8,2.1367209792044517
R3,1000 mg q24h,63.85,2.1188291980117833
R3,1000 mg q24h,63.9,2.1010872323970142
R3,1000 mg q24h,63.95,2.083493827935708
R3,1000 mg q24h,64.0,2.0660477407043154
R3,1000 mg q24h,64.05,2.048747737192408
R3,1000 mg q24h,64.1,2.031592594215644
R3,1000 mg q24h,64.15,2.0145810988294492
R3,1000 mg q24h,64.2,1.9977120482434396
R3,1000 mg q24h,64.25,1.980984249736496
R3,1000 mg q24h,64.3,1.9643965205726026
R3,1000 mg q24h,64.35,1.9479476879173412
R3,1000 mg q24h,64.4,1.9316365887550997
R3,1000 mg q24h,64.45,1.9154620698069726
R3,1000 mg q24h,64.5,1.8994229874493078
R3,1000 mg q24h,64.55,1.8835182076329706
R3,1000 mg q24h,64.6,1.867746605803255
R3,1000 mg q24h,64.65,1.8521070668204667
R3,1000 mg q24h,64.7,1.8365984848811805
R3,1000 mg q24h,64.75,1.8212197634401157
R3,1000 mg q24h,64.8,1.8059698151326973
R3,1000 mg q24h,64.85,1.79084756169825
R3,1000 mg q24h,64.9,1.7758519339038228
R3,1000 mg q24h,64.95,1.7609818714686725
R3,1000 mg q24h,65.0,1.7462363229893354
R3,1000 mg q24h,65.05,1.7316142458653598
R3,1000 mg q24h,65.1,1.7171146062256475
R3,1000 mg q24h,65.15,1.7027363788553949
R3,1000 mg q24h,65.2,1.6884785471236763
R3,1000 mg q24h,65.25,1.6743401029115792
R3,1000 mg q24h,65.3,1.6603200465409922
R3,1000 mg q24h,65.35,1.6464173867039553
R3,1000 mg q24h,65.4,1.6326311403926044
R3,1000 mg q24h,65.45,1.6189603328297217
R3,1000 mg q24h,65.5,1.6054039973998242
R3,1000 mg q24h,65.55,1.5919611755808676
R3,1000 mg q24h,65.6,1.5786309168764976
R3,1000 mg q24h,65.65,1.5654122787488747
R3,1000 mg q24h,65.7,1.5523043265520697
R3,1000 mg q24h,65.75,1.5393061334659848
R3,1000 mg q24h,65.8,1.5264167804308606
R3,1000 mg q24h,65.85,1.5136353560823115
R3,1000 mg q24h,65.9,1.5009609566869073
R3,1000 mg q24h,65.95,1.4883926860783072
R3,1000 mg q24h,66.0,1.4759296555938946
R3,1000 mg q24h,66.05,1.463570984011972
R3,1000 mg q24h,66.1,1.4513157974894737
R3,1000 mg q24h,66.15,1.439163229500186
R3,1000 mg q24h,66.2,1.4271124207735126
R3,1000 mg q24h,66.25,1.415162519233707
R3,1000 mg q24h,66.3,1.403312679939659
R3,1000 mg q24h,66.35,1.3915620650251574
R3,1000 mg q24h,66.4,1.3799098436396577
R3,1000 mg q24h,66.45,1.3683551918895607
R3,1000 mg q24h,66.5,1.356897292779947
R3,1000 mg q24h,66.55,1.3455353361568356
R3,1000 mg q24h,66.6,1.334268518649908
R3,1000 mg q24h,66.65,1.3230960436157062
R3,1000 mg q24h,66.7,1.312017121081331
R3,1000 mg q24h,66.75,1.301030967688572
R3,1000 mg q24h,66.8,1.2901368066385404
R3,1000 mg q24h,66.85,1.2793338676367456
R3,1000 mg q24h,66.9,1.268621386838639
R3,1000 mg q24h,66.95,1.2579986067956181
R3,1000 mg q24h,67.0,1.2474647764014624
R3,1000 mg q24h,67.05,1.2370191508392399
R3,1000 mg q24h,67.1,1.2266609915286457
R3,1000 mg q24h,67.15,1.2163895660737842
R3,1000 mg q24h,67.2,1.206204148211397
R3,1000 mg q24h,67.25,1.1961040177595008
R3,1000 mg q24h,67.3,1.1860884605664792
R3,1000 mg q24h,67.35,1.176156768460591
R3,1000 mg q24h,67.4,1.1663082391998956
R3,1000 mg q24h,67.45,1.1565421764226174
R3,1000 mg q24h,67.5,1.1468578895978911
R3,1000 mg q24h,67.55,1.137254693976955
R3,1000 mg q24h,67.6,1.127731910544732
R3,1000 mg q24h,67.65,1.1182888659718198
R3,1000 mg q24h,67.7,1.1089248925668935
R3,1000 mg q24h,67.75,1.0996393282294836
R3,1000 mg q24h,67.8,1.0904315164031724
R3,1000 mg q24h,67.85,1.0813008060291733
R3,1000 mg q24h,67.9,1.0722465515002912
R3,1000 mg q24h,67.95,1.0632681126152892
R3,1000 mg q24h,68.0,1.0543648545336088
R3,1000 mg q24h,68.05,1.0455361477304914
R3,1000 mg q24h,68.1,1.0367813679524676
R3,1000 mg q24h,68.15,1.0280998961732168
R3,1000 mg q24h,68.2,1.0194911185498094
R3,1000 mg q24h,68.25,1.0109544263792887
R3,1000 mg q24h,68.3,1.002489216055645
R3,1000 mg q24h,68.35,0.9940948890271322
R3,1000 mg q24h,68.4,0.9857708517539476
R3,1000 mg q24h,68.45,0.9775165156662734
R3,1000 mg q24h,68.5,0.9693312971226474
R3,1000 mg q24h,68.55,0.9612146173687061
R3,1000 mg q24h,68.6,0.9531659024962621
R3,1000 mg q24h,68.65,0.9451845834027219
R3,1000 mg q24h,68.7,0.9372700957508573
R3,1000 mg q24h,68.75,0.9294218799288881
R3,1000 mg q24h,68.8,0.9216393810109259
R3,1000 mg q24h,68.85,0.9139220487177337
R3,1000 mg q24h,68.9,0.9062693373778161
R3,1000 mg q24h,68.95,0.8986807058888454
R3,1000 mg q24h,69.0,0.8911556176793889
R3,1000 mg q24h,69.05,0.8836935406709804
R3,1000 mg q24h,69.1,0.8762939472404956
R3,1000 mg q24h,69.15,0.8689563141828432
R3,1000 mg q24h,69.2,0.8616801226739799
R3,1000 mg q24h,69.25,0.8544648582342146
R3,1000 mg q24h,69.3,0.8473100106918386
R3,1000 mg q24h,69.35,0.8402150741470509
R3,1000 mg q24h,69.4,0.8331795469361871
R3,1000 mg q24h,69.45,0.8262029315962552
R3,1000 mg q24h,69.5,0.8192847348297504
R3,1000 mg q24h,69.55,0.8124244674697837
R3,1000 mg q24h,69.6,0.8056216444454918
R3,1000 mg q24h,69.65,0.7988757847477383
R3,1000 mg q24h,69.7,0.7921864113951109
R3,1000 mg q24h,69.75,0.7855530514001835
R3,1000 mg q24h,69.8,0.77897523573608
R3,1000 mg q24h,69.85,0.7724524993033106
R3,1000 mg q24h,69.9,0.7659843808968829
R3,1000 mg q24h,69.95,0.7595704231736996
R3,1000 mg q24h,70.0,0.7532101726202096
R3,1000 mg q24h,70.05,0.7469031795203491
R3,1000 mg q24h,70.1,0.7406489979237424
R3,1000 mg q24h,70.15,0.7344471856141668
R3,1000 mg q24h,70.2,0.7282973040782942
R3,1000 mg q24h,70.25,0.7221989184746715
R3,1000 mg q24h,70.3,0.7161515976029847
R3,1000 mg q24h,70.35,0.710154913873566
R3,1000 mg q24h,70.4,0.7042084432771587
R3,1000 mg q24h,70.45,0.6983117653549443
R3,1000 mg q24h,70.5,0.6924644631688031
R3,1000 mg q24h,70.55,0.6866661232718397
R3,1000 mg q24h,70.6,0.6809163356791479
R3,1000 mg q24h,70.65,0.6752146938388206
R3,1000 mg q24h,70.7,0.66956079460321
R3,1000 mg q24h,70.75,0.6639542382004125
R3,1000 mg q24h,70.8,0.6583946282060088
R3,1000 mg q24h,70.85,0.6528815715150307
R3,1000 mg q24h,70.9,0.6474146783141669
R3,1000 mg q24h,70.95,0.6419935620542044
R3,1000 mg q24h,71.0,0.6366178394226885
R3,1000 mg q24h,71.05,0.631287130316825
R3,1000 mg q24h,71.1,0.6260010578166043
R3,1000 mg q24h,71.15,0.620759248158148
R3,1000 mg q24h,71.2,0.6155613307072869
R3,1000 mg q24h,71.25,0.6104069379333456
R3,1000 mg q24h,71.3,0.6052957053831619
R3,1000 mg q24h,71.35,0.6002272716553161
R3,1000 mg q24h,71.4,0.5952012783745741
R3,1000 mg q24h,71.45,0.5902173701665564
R3,1000 mg q24h,71.5,0.5852751946325986
R3,1000 mg q24h,71.55,0.5803744023248427
R3,1000 mg q24h,71.6,0.5755146467215265
R3,1000 mg q24h,71.65,0.570695584202479
R3,1000 mg q24h,71.7,0.565916874024832
R3,1000 mg q24h,71.75,0.5611781782989171
R3,1000 mg q24h,71.8,0.5564791619643812
R3,1000 mg q24h,71.85,0.5518194927664916
R3,1000 mg q24h,71.9,0.5471988412326456
R3,1000 mg q24h,71.95,0.5426168806490768
R3,1000 mg q24h,72.0,0.5380732870377464
R4,375 mg q12h,0.0,0.0
R4,375 mg q12h,0.05,0.5353498618057663
R4,375 mg q12h,0.1,1.0361929047044114
R4,375 mg q12h,0.15,1.5045019139741709
R4,375 mg q12h,0.2,1.942138720686421
R4,375 mg q12h,0.25,2.350860426992529
R4,375 mg q12h,0.3,2.7323252822553394
R4,375 mg q12h,0.35,3.088098229607156
R4,375 mg q12h,0.4,3.41965614141797
R4,375 mg q12h,0.45,3.7283927611209218
R4,375 mg q12h,0.5,4.01562336786362
R4,375 mg q12h,0.55,4.282589179530249
R4,375 mg q12h,0.6,4.530461508807645
R4,375 mg q12h,0.65,4.760345686145534
R4,375 mg q12h,0.7,4.973284762684449
R4,375 mg q12h,0.75,5.1702630054915595
R4,375 mg q12h,0.8,5.352209196752596
R4,375 mg q12h,0.85,5.5199997479148255
R4,375 mg q12h,0.9,5.674461639159307
R4,375 mg q12h,0.95,5.816375193998732
R4,375 mg q12h,1.0,5.9464766982476105
R4,375 mg q12h,1.05,6.065460872093121
R4,375 mg q12h,1.1,6.173983203505288
R4,375 mg q12h,1.15,6.272662150763236
R4,375 mg q12h,1.2,6.362081221437973
R4,375 mg q12h,1.25,6.442790934760647
R4,375 mg q12h,1.3,6.515310673916486
R4,375 mg q12h,1.35,6.580130434437871
R4,375 mg q12h,1.4,6.637712474523847
R4,375 mg q12h,1.45,6.688492872786415
R4,375 mg q12h,1.5,6.732882998615594
R4,375 mg q12h,1.55,6.771270900064024
R4,375 mg q12h,1.6,6.804022613876957
R4,375 mg q12h,1.65,6.8314834020342134
R4,375 mg q12h,1.7,6.853978918925562
R4,375 mg q12h,1.75,6.8718163130500765
R4,375 mg q12h,1.8,6.885285266911637
R4,375 mg q12h,1.85,6.894658978576904
R4,375 mg q12h,1.9,6.900195088167645
R4,375 mg q12h,1.95,6.902136552375804
R4,375 mg q12h,2.0,6.900712469916518
R4,375 mg q12h,2.05,6.896138860670747
R4,375 mg q12h,2.1,6.888619401114885
R4,375 mg q12h,2.15,6.8783461184890795
R4,375 mg q12h,2.2,6.865500046018426
R4,375 mg q12h,2.25,6.850251841371449
R4,375 mg q12h,2.3,6.832762370417781
R4,375 mg q12h,2.35,6.8131832582313026
R4,375 mg q12h,2.4,6.791657409175829
R4,375 mg q12h,2.45,6.768319497807436
R4,375 mg q12h,2.5,6.7432964322302515
R4,375 mg q12h,2.55,6.716707791450716
R4,375 mg q12h,2.6,6.6886662381886985
R4,375 mg q12h,2.65,6.659277908522044
R4,375 mg q12h,2.7,6.628642779663939
R4,375 mg q12h,2.75,6.59685501709958
R4,375 mg q12h,2.8,6.564003302239872
R4,375 mg q12h,2.85,6.530171141684947
R4,375 mg q12h,2.9,6.495437159128988
R4,375 mg q12h,2.95,6.459875370880029
R4,375 mg q12h,3.0,6.423555445913744
R4,375 mg q12h,3.05,6.386542951328735
R4,375 mg q12h,3.1,6.348899584022189
R4,375 mg q12h,3.15,6.310683389358776
R4,375 mg q12h,3.2,6.271948967562406
R4,375 mg q12h,3.25,6.232747668519465
R4,375 mg q12h,3.3,6.193127775643589
R4,375 mg q12h,3.35,6.153134679415527
R4,375 mg q12h,3.4,6.112811041177282
R4,375 mg q12h,3.45,6.072196947727181
R4,375 mg q12h,3.5,6.031330057231912
R4,375 mg q12h,3.55,5.990245736942618
R4,375 mg q12h,3.6,5.948977193174771
R4,375 mg q12h,3.65,5.907555593985851
R4,375 mg q12h,3.7,5.866010184960426
R4,375 mg q12h,3.75,5.824368398489314
R4,375 mg q12h,3.8,5.782655956907802
R4,375 mg q12h,3.85,5.74089696983742
R4,375 mg q12h,3.9,5.6991140260564555
R4,375 mg q12h,3.95,5.657328280206171
R4,375 mg q12h,4.0,5.615559534622416
R4,375 mg q12h,4.05,5.573826316566168
R4,375 mg q12h,4.1,5.532145951111094
R4,375 mg q12h,4.15,5.4905346299318225
R4,375 mg q12h,4.2,5.449007476222929
R4,375 mg q12h,4.25,5.407578605965704
R4,375 mg q12h,4.3,5.366261185747674
R4,375 mg q12h,4.35,5.325067487328232
R4,375 mg q12h,4.4,5.284008939133042
R4,375 mg q12h,4.45,5.243096174849479
R4,375 mg q12h,4.5,5.202339079285835
R4,375 mg q12h,4.55,5.161746831647795
R4,375 mg q12h,4.6,5.121327946377158
R4,375 mg q12h,4.65,5.081090311689585
R4,375 mg q12h,4.7,5.041041225940519
R4,375 mg q12h,4.75,5.001187431941156
R4,375 mg q12h,4.8,4.961535149339549
R4,375 mg q12h,4.85,4.922090105175403
R4,375 mg q12h,4.9,4.88285756271112
R4,375 mg q12h,4.95,4.843842348635807
R4,375 mg q12h,5.0,4.805048878733612
R4,375 mg q12h,5.05,4.7664811821025905
R4,375 mg q12h,5.1,4.7281429240054615
R4,375 mg q12h,5.15,4.690037427429078
R4,375 mg q12h,5.2,4.652167693425114
R4,375 mg q12h,5.25,4.614536420300394
R4,375 mg q12h,5.3,4.577146021721458
R4,375 mg q12h,5.35,4.539998643794349
R4,375 mg q12h,5.4,4.503096181177159
R4,375 mg q12h,5.45,4.466440292279675
R4,375 mg q12h,5.5,4.430032413601374
R4,375 mg q12h,5.55,4.393873773256205
R4,375 mg q12h,5.6,4.3579654037298
R4,375 mg q12h,5.65,4.322308153912281
R4,375 mg q12h,5.7,4.286902700447321
R4,375 mg q12h,5.75,4.25174955843592
R4,375 mg q12h,5.8,4.216849091531127
R4,375 mg q12h,5.85,4.182201521457969
R4,375 mg q12h,5.9,4.147806936990857
R4,375 mg q12h,5.95,4.113665302419011
R4,375 mg q12h,6.0,4.079776465528661
R4,375 mg q12h,6.05,4.046140165129193
R4,375 mg q12h,6.1,4.012756038148918
R4,375 mg q12h,6.15,3.979623626324618
R4,375 mg q12h,6.2,3.946742382507782
R4,375 mg q12h,6.25,3.9141116766090454
R4,375 mg q12h,6.3,3.881730801201227
R4,375 mg q12h,6.35,3.849598976800147
R4,375 mg q12h,6.4,3.8177153568414024
R4,375 mg q12h,6.45,3.786079032370171
R4,375 mg q12h,6.5,3.7546890364602463
R4,375 mg q12h,6.55,3.7235443483775277
R4,375 mg q12h,6.6,3.6926438975023728
R4,375 mg q12h,6.65,3.6619865670243974
R4,375 mg q12h,6.7,3.6315711974225433
R4,375 mg q12h,6.75,3.601396589742534
R4,375 mg q12h,6.8,3.571461508683124
R4,375 mg q12h,6.85,3.5417646855019416
R4,375 mg q12h,6.9,3.512304820751106
R4,375 mg q12h,6.95,3.4830805868522074
R4,375 mg q12h,7.0,3.454090630519745
R4,375 mg q12h,7.05,3.4253335750415603
R4,375 mg q12h,7.1,3.3968080224243558
R4,375 mg q12h,7.15,3.3685125554119257
R4,375 mg q12h,7.2,3.3404457393832896
R4,375 mg q12h,7.25,3.3126061241375266
R4,375 mg q12h,7.3,3.2849922455717127
R4,375 mg q12h,7.35,3.257602627258034
R4,375 mg q12h,7.4,3.2304357819257588
R4,375 mg q12h,7.45,3.203490212853487
R4,375 mg q12h,7.5,3.1767644151767427
R4,375 mg q12h,7.55,3.1502568771157287
R4,375 mg q12h,7.6,3.12396608112776
R4,375 mg q12h,7.65,3.097890504988674
R4,375 mg q12h,7.7,3.072028622807234
R4,375 mg q12h,7.75,3.046378905976349
R4,375 mg q12h,7.8,3.020939824064702
R4,375 mg q12h,7.85,2.99570984565219
R4,375 mg q12h,7.9,2.9706874391123574
R4,375 mg q12h,7.95,2.945871073344873
R4,375 mg q12h,8.0,2.9212592184608863
R4,375 mg q12h,8.05,2.8968503464239554
R4,375 mg q12h,8.1,2.8726429316491098
R4,375 mg q12h,8.15,2.848635451562406
R4,375 mg q12h,8.2,2.8248263871232924
R4,375 mg q12h,8.25,2.8012142233118644
R4,375 mg q12h,8.3,2.7777974495830726
R4,375 mg q12h,8.35,2.754574560289758
R4,375 mg q12h,8.4,2.7315440550763124
R4,375 mg q12h,8.45,2.708704439244681
R4,375 mg q12h,8.5,2.686054224094272
R4,375 mg q12h,8.55,2.663591927237311
R4,375 mg q12h,8.6,2.641316072891049
R4,375 mg q12h,8.65,2.6192251921481637
R4,375 mg q12h,8.7,2.5973178232266454
R4,375 mg q12h,8.75,2.5755925117003335
R4,375 mg q12h,8.8,2.554047810711254
R4,375 mg q12h,8.85,2.532682281164813
R4,375 mg q12h,8.9,2.511494491908858
R4,375 mg q12h,8.95,2.490483019897549
R4,375 mg q12h,9.0,2.469646450340935
R4,375 mg q12h,9.05,2.4489833768410922
R4,375 mg q12h,9.1,2.428492401515597
R4,375 mg q12h,9.15,2.408172135109108
R4,375 mg q12h,9.2,2.3880211970937553
R4,375 mg q12h,9.25,2.368038215759005
R4,375 mg q12h,9.3,2.3482218282916394
R4,375 mg q12h,9.35,2.3285706808464304
R4,375 mg q12h,9.4,2.309083428608089
R4,375 mg q12h,9.45,2.2897587358450067
R4,375 mg q12h,9.5,2.270595275955291
R4,375 mg q12h,9.55,2.251591731505572
R4,375 mg q12h,9.6,2.2327467942630155
R4,375 mg q12h,9.65,2.214059165220965
R4,375 mg q12h,9.7,2.195527554618624
R4,375 mg q12h,9.75,2.177150681955118
R4,375 mg q12h,9.8,2.1589272759983213
R4,375 mg q12h,9.85,2.140856074788764
R4,375 mg q12h,9.9,2.1229358256389284
R4,375 mg q12h,9.95,2.1051652851282423
R4,375 mg q12h,10.0,2.087543219094041
R4,375 mg q12h,10.05,2.0700684026187566
R4,375 mg q12h,10.1,2.0527396200135866
R4,375 mg q12h,10.15,2.0355556647988737
R4,375 mg q12h,10.2,2.018515339681419
R4,375 mg q12h,10.25,2.0016174565289235
R4,375 mg q12h,10.3,1.9848608363417806
R4,375 mg q12h,10.35,1.9682443092223645
R4,375 mg q12h,10.4,1.9517667143420214
R4,375 mg q12h,10.45,1.9354268999059148
R4,375 mg q12h,10.5,1.9192237231158684
R4,375 mg q12h,10.55,1.903156050131372
R4,375 mg q12h,10.6,1.8872227560288697
R4,375 mg q12h,10.65,1.8714227247594677
R4,375 mg q12h,10.7,1.8557548491051805
R4,375 mg q12h,10.75,1.840218030633827
R4,375 mg q12h,10.8,1.824811179652695
R4,375 mg q12h,10.85,1.8095332151610557
R4,375 mg q12h,10.9,1.7943830648016386
R4,375 mg q12h,10.95,1.77935966481116
R4,375 mg q12h,11.0,1.7644619599699674
R4,375 mg q12h,11.05,1.7496889035509062
R4,375 mg q12h,11.1,1.7350394572674623
R4,375 mg q12h,11.15,1.7205125912212622
R4,375 mg q12h,11.2,1.706107283848994
R4,375 mg q12h,11.25,1.6918225218688074
R4,375 mg q12h,11.3,1.6776573002262585
R4,375 mg q12h,11.35,1.6636106220398457
R4,375 mg q12h,11.4,1.6496814985461936
R4,375 mg q12h,11.45,1.6358689490449376
R4,375 mg q12h,11.5,1.622172000843336
R4,375 mg q12h,11.55,1.608589689200681
R4,375 mg q12h,11.6,1.595121057272521
R4,375 mg q12h,11.65,1.5817651560547474
R4,375 mg q12h,11.7,1.5685210443275814
R4,375 mg q12h,11.75,1.555387788599479
R4,375 mg q12h,11.8,1.5423644630510083
R4,375 mg q12h,11.85,1.5294501494787065
R4,375 mg q12h,11.9,1.516643937238956
R4,375 mg q12h,11.95,1.5039449231919009
R4,375 mg q12h,12.0,1.4913522116454265
R4,375 mg q12h,12.05,2.014214776105005
R4,375 mg q12h,12.1,2.5026750548934116
R4,375 mg q12h,12.15,2.9587049596048907
R4,375 mg q12h,12.2,3.3841654548515
R4,375 mg q12h,12.25,3.7808127834946967
R4,375 mg q12h,12.3,4.1503043427215065
R4,375 mg q12h,12.35,4.494204230547531
R4,375 mg q12h,12.4,4.8139884812303935
R4,375 mg q12h,12.45,5.111050007040518
R4,375 mg q12h,12.5,5.38670326285818
R4,375 mg q12h,12.55,5.642188649141405
R4,375 mg q12h,12.6,5.878676667938202
R4,375 mg q12h,12.65,6.097271845793211
R4,375 mg q12h,12.7,6.299016436622217
R4,375 mg q12h,12.75,6.484893916894965
R4,375 mg q12h,12.8,6.655832284774252
R4,375 mg q12h,12.85,6.812707174206425
R4,375 mg q12h,12.9,6.9563447943414545
R4,375 mg q12h,12.95,7.087524704078822
R4,375 mg q12h,13.0,7.206982430986182
R4,375 mg q12h,13.05,7.315411943318875
R4,375 mg q12h,13.1,7.413467983379169
R4,375 mg q12h,13.15,7.501768269991865
R4,375 mg q12h,13.2,7.580895577436747
R4,375 mg q12h,13.25,7.65139969776686
R4,375 mg q12h,13.3,7.713799293052757
R4,375 mg q12h,13.35,7.768583643726254
R4,375 mg q12h,13.4,7.816214298850932
R4,375 mg q12h,13.45,7.857126633819744
R4,375 mg q12h,13.5,7.891731320671767
R4,375 mg q12h,13.55,7.920415715928787
R4,375 mg q12h,13.6,7.943545170577637
R4,375 mg q12h,13.65,7.961464266564828
R4,375 mg q12h,13.7,7.974497983924959
R4,375 mg q12h,13.75,7.982952802433419
R4,375 mg q12h,13.8,7.987117741455596
R4,375 mg q12h,13.85,7.987265341458877
R4,375 mg q12h,13.9,7.983652590459363
R4,375 mg q12h,13.95,7.97652179849166
R4,375 mg q12h,14.0,7.966101423016929
R4,375 mg q12h,14.05,7.952606848020932
R4,375 mg q12h,14.1,7.936241119399368
R4,375 mg q12h,14.15,7.917195639082257
R4,375 mg q12h,14.2,7.895650820211542
R4,375 mg q12h,14.25,7.8717767055563135
R4,375 mg q12h,14.3,7.845733551227557
R4,375 mg q12h,14.35,7.817672377638701
R4,375 mg q12h,14.4,7.78773548954903
R4,375 mg q12h,14.45,7.756056966924107
R4,375 mg q12h,14.5,7.722763128249923
R4,375 mg q12h,14.55,7.687972967845906
R4,375 mg q12h,14.6,7.651798568635076
R4,375 mg q12h,14.65,7.614345491747967
R4,375 mg q12h,14.7,7.575713144259686
R4,375 mg q12h,14.75,7.53599512628659
R4,375 mg q12h,14.8,7.495279558600332
R4,375 mg q12h,14.85,7.453649391852023
R4,375 mg q12h,14.9,7.411182698438015
R4,375 mg q12h,14.95,7.367952947980993
R4,375 mg q12h,15.0,7.324029267345346
R4,375 mg q12h,15.05,7.279476686054361
R4,375 mg q12h,15.1,7.234356367928088
R4,375 mg q12h,15.15,7.188725829714744
R4,375 mg q12h,15.2,7.142639147445303
R4,375 mg q12h,15.25,7.096147151199834
R4,375 mg q12h,15.3,7.049297608935712
R4,375 mg q12h,15.35,7.002135399991189
R4,375 mg q12h,15.4,6.954702678843544
R4,375 mg q12h,15.45,6.907039029668472
R4,375 mg q12h,15.5,6.859181612216716
R4,375 mg q12h,15.55,6.811165299495034
R4,375 mg q12h,15.6,6.7630228077112795
R4,375 mg q12h,15.65,6.7147848189175114
R4,375 mg q12h,15.7,6.666480096760844
R4,375 mg q12h,15.75,6.6181355957286145
R4,375 mg q12h,15.8,6.569776564252928
R4,375 mg q12h,15.85,6.521426642019005
R4,375 mg q12h,15.9,6.4731079518025485
R4,375 mg q12h,15.95,6.424841186143111
R4,375 mg q12h,16.0,6.376645689143092
R4,375 mg q12h,16.05,6.328539533665966
R4,375 mg q12h,16.1,6.280539594191773
R4,375 mg q12h,16.15,6.232661615573608
R4,375 mg q12h,16.2,6.184920277925052
R4,375 mg q12h,16.25,6.1373292578557
R4,375 mg q12h,16.3,6.08990128625964
R4,375 mg q12h,16.35,6.042648202850351
R4,375 mg q12h,16.4,5.9955810076246
R4,375 mg q12h,16.45,5.948709909427622
R4,375 mg q12h,16.5,5.902044371782346
R4,375 mg q12h,16.55,5.855593156136129
R4,375 mg q12h,16.6,5.809364362669957
R4,375 mg q12h,16.65,5.763365468806959
R4,375 mg q12h,16.7,5.71760336554929
R4,375 mg q12h,16.75,5.672084391765362
R4,375 mg q12h,16.8,5.626814366542398
R4,375 mg q12h,16.85,5.581798619712938
R4,375 mg q12h,16.9,5.537042020657825
R4,375 mg q12h,16.95,5.492549005482385
R4,375 mg q12h,17.0,5.448323602657186
R4,375 mg q12h,17.05,5.404369457209519
R4,375 mg q12h,17.1,5.360689853547037
R4,375 mg q12h,17.15,5.317287736990311
R4,375 mg q12h,17.2,5.274165734086826
R4,375 mg q12h,17.25,5.231326171774858
R4,375 mg q12h,17.3,5.188771095461796
R4,375 mg q12h,17.35,5.1465022860779035
R4,375 mg q12h,17.4,5.104521276163067
R4,375 mg q12h,17.45,5.062829365040831
R4,375 mg q12h,17.5,5.021427633131049
R4,375 mg q12h,17.55,4.980316955449476
R4,375 mg q12h,17.6,4.939498014340037
R4,375 mg q12h,17.65,4.898971311482882
R4,375 mg q12h,17.7,4.858737179218906
R4,375 mg q12h,17.75,4.818795791229203
R4,375 mg q12h,17.8,4.779147172605642
R4,375 mg q12h,17.85,4.739791209346872
R4,375 mg q12h,17.9,4.700727657312007
R4,375 mg q12h,17.95,4.661956150662501
R4,375 mg q12h,18.0,4.623476209821029
R4,375 mg q12h,18.05,4.585287248974494
R4,375 mg q12h,18.1,4.547388583146836
R4,375 mg q12h,18.15,4.509779434865841
R4,375 mg q12h,18.2,4.4724589404467965
R4,375 mg q12h,18.25,4.435426155914567
R4,375 mg q12h,18.3,4.398680062584436
R4,375 mg q12h,18.35,4.362219572320928
R4,375 mg q12h,18.4,4.326043532492756
R4,375 mg q12h,18.45,4.290150730640987
R4,375 mg q12h,18.5,4.254539898876637
R4,375 mg q12h,18.55,4.2192097180228725
R4,375 mg q12h,18.6,4.184158821516265
R4,375 mg q12h,18.65,4.149385799080674
R4,375 mg q12h,18.7,4.114889200186562
R4,375 mg q12h,18.75,4.0806675373078845
R4,375 mg q12h,18.8,4.04671928898793
R4,375 mg q12h,18.85,4.013042902724943
R4,375 mg q12h,18.9,3.979636797687669
R4,375 mg q12h,18.95,3.9464993672704445
R4,375 mg q12h,19.0,3.913628981496914
R4,375 mg q12h,19.05,3.881023989280893
R4,375 mg q12h,19.1,3.8486827205524983
R4,375 mg q12h,19.15,3.816603488257136
R4,375 mg q12h,19.2,3.784784590234554
R4,375 mg q12h,19.25,3.753224310984776
R4,375 mg q12h,19.3,3.7219209233272763
R4,375 mg q12h,19.35,3.690872689959486
R4,375 mg q12h,19.4,3.6600778649203347
R4,375 mg q12h,19.45,3.6295346949641907
R4,375 mg q12h,19.5,3.599241420850337
R4,375 mg q12h,19.55,3.569196278552727
R4,375 mg q12h,19.6,3.5393975003945912
R4,375 mg q12h,19.65,3.509843316112162
R4,375 mg q12h,19.7,3.4805319538515254
R4,375 mg q12h,19.75,3.4514616411024766
R4,375 mg q12h,19.8,3.4226306055728837
R4,375 mg q12h,19.85,3.394037076007031
R4,375 mg q12h,19.9,3.3656792829511053
R4,375 mg q12h,19.95,3.337555459468837
R4,375 mg q12h,20.0,3.3096638418102025
R4,375 mg q12h,20.05,3.28200267003581
R4,375 mg q12h,20.1,3.2545701885995597
R4,375 mg q12h,20.15,3.2273646468919512
R4,375 mg q12h,20.2,3.2003842997463106
R4,375 mg q12h,20.25,3.1736274079100744
R4,375 mg q12h,20.3,3.1470922384831312
R4,375 mg q12h,20.35,3.1207770653251377
R4,375 mg q12h,20.4,3.094680169433597
R4,375 mg q12h,20.45,3.0687998392943836
R4,375 mg q12h,20.5,3.043134371206345
R4,375 mg q12h,20.55,3.017682069581439
R4,375 mg q12h,20.6,2.9924412472218727
R4,375 mg q12h,20.65,2.967410225575558
R4,375 mg q12h,20.7,2.942587334971166
R4,375 mg q12h,20.75,2.9179709148339743
R4,375 mg q12h,20.8,2.8935593138836224
R4,375 mg q12h,20.85,2.8693508903148546
R4,375 mg q12h,20.9,2.845344011962247
R4,375 mg q12h,20.95,2.8215370564498623
R4,375 mg q12h,21.0,2.797928411326741
R4,375 mg q12h,21.05,2.774516474189056
R4,375 mg q12h,21.1,2.7512996527897293
R4,375 mg q12h,21.15,2.728276365136274
R4,375 mg q12h,21.2,2.7054450395775493
R4,375 mg q12h,21.25,2.6828041148801183
R4,375 mg q12h,21.3,2.6603520402948235
R4,375 mg q12h,21.35,2.638087275614173
R4,375 mg q12h,21.4,2.6160082912211164
R4,375 mg q12h,21.45,2.5941135681297087
R4,375 mg q12h,21.5,2.5724015980182053
R4,375 mg q12h,21.55,2.5508708832550036
R4,375 mg q12h,21.6,2.529519936917924
R4,375 mg q12h,21.65,2.5083472828072213
R4,375 mg q12h,21.7,2.4873514554527194
R4,375 mg q12h,21.75,2.4665310001154728
R4,375 mg q12h,21.8,2.4458844727842597
R4,375 mg q12h,21.85,2.4254104401672754
R4,375 mg q12h,21.9,2.4051074796793155
R4,375 mg q12h,21.95,2.3849741794247548
R4,375 mg q12h,22.0,2.365009138176598
R4,375 mg q12h,22.05,2.345210965351855
R4,375 mg q12h,22.1,2.3255782809834984
R4,375 mg q12h,22.15,2.3061097156892276
R4,375 mg q12h,22.2,2.286803910637254
R4,375 mg q12h,22.25,2.26765951750934
R4,375 mg q12h,22.3,2.2486751984612465
R4,375 mg q12h,22.35,2.2298496260807994
R4,375 mg q12h,22.4,2.2111814833437444
R4,375 mg q12h,22.45,2.1926694635675377
R4,375 mg q12h,22.5,2.1743122703632527
R4,375 mg q12h,22.55,2.156108617585714
R4,375 mg q12h,22.6,2.13805722928202
R4,375 mg q12h,22.65,2.120156839638576
R4,375 mg q12h,22.7,2.102406192926743
R4,375 mg q12h,22.75,2.0848040434472397
R4,375 mg q12h,22.8,2.067349155473393
R4,375 mg q12h,22.85,2.0500403031933225
R4,375 mg q12h,22.9,2.032876270651186
R4,375 mg q12h,22.95,2.015855851687538
R4,375 mg q12h,23.0,1.9989778498789244
R4,375 mg q12h,23.05,1.9822410784767528
R4,375 mg q12h,23.1,1.9656443603455385
R4,375 mg q12h,23.15,1.9491865279005884
R4,375 mg q12h,23.2,1.9328664230451815
R4,375 mg q12h,23.25,1.9166828971073215
R4,375 mg q12h,23.3,1.9006348107761042
R4,375 mg q12h,23.35,1.884721034037761
R4,375 mg q12h,23.4,1.8689404461114343
R4,375 mg q12h,23.45,1.853291935384715
R4,375 mg q12h,23.5,1.8377743993490152
R4,375 mg q12h,23.55,1.8223867445347868
R4,375 mg q12h,23.6,1.8071278864466476
R4,375 mg q12h,23.65,1.7919967494984435
R4,375 mg q12h,23.7,1.776992266948277
R4,375 mg q12h,23.75,1.7621133808335487
R4,375 mg q12h,23.8,1.747359041906025
R4,375 mg q12h,23.85,1.7327282095669698
R4,375 mg q12h,23.9,1.7182198518023692
R4,375 mg q12h,23.95,1.7038329451182594
R4,375 mg q12h,24.0,1.689566474476206
R4,375 mg q12h,24.05,2.2107692950347033
R4,375 mg q12h,24.1,2.6975837277605414
R4,375 mg q12h,24.15,3.151981567874576
R4,375 mg q12h,24.2,3.5758236645900894
R4,375 mg q12h,24.25,3.9708661463358936
R4,375 mg q12h,24.3,4.338766296824646
R4,375 mg q12h,24.35,4.681088101547756
R4,375 mg q12h,24.4,4.9993074831808055
R4,375 mg q12h,24.45,5.294817243346639
R4,375 mg q12h,24.5,5.56893172720433
R4,375 mg q12h,24.55,5.822891226409511
R4,375 mg q12h,24.6,6.0578661351188545
R4,375 mg q12h,24.65,6.274960872889045
R4,375 mg q12h,24.7,6.475217587543856
R4,375 mg q12h,24.75,6.659619650349298
R4,375 mg q12h,24.8,6.829094955145402
R4,375 mg q12h,24.85,6.984519032429283
R4,375 mg q12h,24.9,7.126717988767889
R4,375 mg q12h,24.95,7.256471281336706
R4,375 mg q12h,25.0,7.374514336831126
R4,375 mg q12h,25.05,7.481541023478907
R4,375 mg q12h,25.1,7.578205984392309
R4,375 mg q12h,25.15,7.665126840036675
R4,375 mg q12h,25.2,7.742886267155976
R4,375 mg q12h,25.25,7.812033961084125
R4,375 mg q12h,25.3,7.873088487982437
R4,375 mg q12h,25.35,7.9265390331765815
R4,375 mg q12h,25.4,7.97284705142035
R4,375 mg q12h,25.45,8.012447824586637
R4,375 mg q12h,25.5,8.04575193197752
R4,375 mg q12h,25.55,8.07314663815433
R4,375 mg q12h,25.6,8.094997202913476
R4,375 mg q12h,25.65,8.111648117774616
R4,375 mg q12h,25.7,8.1234242731027
R4,375 mg q12h,25.75,8.130632059754301
R4,375 mg q12h,25.8,8.133560408920559
R4,375 mg q12h,25.85,8.132481773632936
R4,375 mg q12h,25.9,8.127653055203751
R4,375 mg q12h,25.95,8.119316477689843
R4,375 mg q12h,26.0,8.107700413294538
R4,375 mg q12h,26.05,8.093020161459664
R4,375 mg q12h,26.1,8.07547868424492
R4,375 mg q12h,26.15,8.055267300446326
R4,375 mg q12h,26.2,8.032566340767938
R4,375 mg q12h,26.25,8.007545766231257
R4,375 mg q12h,26.3,7.9803657518841895
R4,375 mg q12h,26.35,7.951177237755867
R4,375 mg q12h,26.4,7.920122448894381
R4,375 mg q12h,26.45,7.887335386221541
R4,375 mg q12h,26.5,7.852942289841478
R4,375 mg q12h,26.55,7.817062076348075
R4,375 mg q12h,26.6,7.77980675158965
R4,375 mg q12h,26.65,7.741281800267414
R4,375 mg q12h,26.7,7.701586553667127
R4,375 mg q12h,26.75,7.660814536750428
R4,375 mg q12h,26.8,7.619053795763555
R4,375 mg q12h,26.85,7.576387207456237
R4,375 mg q12h,26.9,7.5328927709422695
R4,375 mg q12h,26.95,7.488643883175392
R4,375 mg q12h,27.0,7.443709598959555
R4,375 mg q12h,27.05,7.398154876360998
R4,375 mg q12h,27.1,7.352040808341069
R4,375 mg q12h,27.15,7.3054248413826235
R4,375 mg q12h,27.2,7.258360981839621
R4,375 mg q12h,27.25,7.210899990698578
R4,375 mg q12h,27.3,7.163089567401856
R4,375 mg q12h,27.35,7.114974523346409
R4,375 mg q12h,27.4,7.066596945637129
R4,375 mg q12h,27.45,7.017996351641445
R4,375 mg q12h,27.5,6.969209834861273
R4,375 mg q12h,27.55,6.9202722026092705
R4,375 mg q12h,27.6,6.871216105949273
R4,375 mg q12h,27.65,6.822072162334821
R4,375 mg q12h,27.7,6.7728690713554
R4,375 mg q12h,27.75,6.723633723977124
R4,375 mg q12h,27.8,6.674391305642759
R4,375 mg q12h,27.85,6.62516539357563
R4,375 mg q12h,27.9,6.5759780486125745
R4,375 mg q12h,27.95,6.526849901872906
R4,375 mg q12h,28.0,6.477800236553102
R4,375 mg q12h,28.05,6.4288470651207055
R4,375 mg q12h,28.1,6.380007202165548
R4,375 mg q12h,28.15,6.331296333152008
R4,375 mg q12h,28.2,6.282729079302237
R4,375 mg q12h,28.25,6.234319058827528
R4,375 mg q12h,28.3,6.186078944712667
R4,375 mg q12h,28.35,6.138020519246732
R4,375 mg q12h,28.4,6.090154725482929
R4,375 mg q12h,28.45,6.04249171579975
R4,375 mg q12h,28.5,5.995040897726207
R4,375 mg q12h,28.55,5.947810977184597
R4,375 mg q12h,28.6,5.900809999295792
R4,375 mg q12h,28.65,5.854045386883848
R4,375 mg q12h,28.7,5.807523976809031
R4,375 mg q12h,28.75,5.761252054251222
R4,375 mg q12h,28.8,5.715235385058672
R4,375 mg q12h,28.85,5.669479246270744
R4,375 mg q12h,28.9,5.62398845491717
R4,375 mg q12h,28.95,5.578767395190521
R4,375 mg q12h,29.0,5.533820044083306
R4,375 mg q12h,29.05,5.489149995575805
R4,375 mg q12h,29.1,5.4447604834561005
R4,375 mg q12h,29.15,5.400654402849056
R4,375 mg q12h,29.2,5.356834330526763
R4,375 mg q12h,29.25,5.313302544068896
R4,375 mg q12h,29.3,5.270061039937547
R4,375 mg q12h,29.35,5.227111550527523
R4,375 mg q12h,29.4,5.184455560249669
R4,375 mg q12h,29.45,5.142094320701492
R4,375 mg q12h,29.5,5.1000288649764425
R4,375 mg q12h,29.55,5.058260021160159
R4,375 mg q12h,29.6,5.016788425059419
R4,375 mg q12h,29.65,4.975614532206903
R4,375 mg q12h,29.7,4.934738629182452
R4,375 mg q12h,29.75,4.894160844289284
R4,375 mg q12h,29.8,4.853881157621364
R4,375 mg q12h,29.85,4.813899410556228
R4,375 mg q12h,29.9,4.774215314705507
R4,375 mg q12h,29.95,4.734828460353681
R4,375 mg q12h,30.0,4.695738324413852
R4,375 mg q12h,30.05,4.656944277927677
R4,375 mg q12h,30.1,4.618445593135129
R4,375 mg q12h,30.15,4.580241450138274
R4,375 mg q12h,30.2,4.542330943181931
R4,375 mg q12h,30.25,4.504713086572777
R4,375 mg q12h,30.3,4.467386820257228
R4,375 mg q12h,30.35,4.4303510150773455
R4,375 mg q12h,30.4,4.3936044777228815
R4,375 mg q12h,30.45,4.357145955396566
R4,375 mg q12h,30.5,4.3209741402088495
R4,375 mg q12h,30.55,4.2850876733172765
R4,375 mg q12h,30.6,4.249485148824938
R4,375 mg q12h,30.65,4.214165117451572
R4,375 mg q12h,30.7,4.179126089990116
R4,375 mg q12h,30.75,4.144366540560868
R4,375 mg q12h,30.8,4.109884909674615
R4,375 mg q12h,30.85,4.0756796071155605
R4,375 mg q12h,30.9,4.0417490146542105
R4,375 mg q12h,30.95,4.008091488599813
R4,375 mg q12h,31.0,3.9747053622014565
R4,375 mg q12h,31.05,3.9415889479063324
R4,375 mg q12h,31.1,3.908740539483284
R4,375 mg q12h,31.15,3.8761584140192418
R4,375 mg q12h,31.2,3.8438408337957375
R4,375 mg q12h,31.25,3.8117860480523253
R4,375 mg q12h,31.3,3.7799922946432614
R4,375 mg q12h,31.35,3.7484578015935415
R4,375 mg q12h,31.4,3.717180788559988
R4,375 mg q12h,31.45,3.686159468202759
R4,375 mg q12h,31.5,3.6553920474724166
R4,375 mg q12h,31.55,3.624876728817289
R4,375 mg q12h,31.6,3.5946117113157077
R4,375 mg q12h,31.65,3.5645951917373817
R4,375 mg q12h,31.7,3.534825365537919
R4,375 mg q12h,31.75,3.5053004277903685
R4,375 mg q12h,31.8,3.476018574057295
R4,375 mg q12h,31.85,3.4469780012068463
R4,375 mg q12h,31.9,3.418176908175987
R4,375 mg q12h,31.95,3.389613496683905
R4,375 mg q12h,32.0,3.3612859718984986
R4,375 mg q12h,32.05,3.333192543058562
R4,375 mg q12h,32.1,3.305331424054262
R4,375 mg q12h,32.15,3.277700833968302
R4,375 mg q12h,32.2,3.2502989975799803
R4,375 mg q12h,32.25,3.223124145834376
R4,375 mg q12h,32.3,3.1961745162785586
R4,375 mg q12h,32.35,3.169448353466826
R4,375 mg q12h,32.4,3.14294390933672
R4,375 mg q12h,32.45,3.1166594435574777
R4,375 mg q12h,32.5,3.0905932238526135
R4,375 mg q12h,32.55,3.064743526298019
R4,375 mg q12h,32.6,3.039108635597105
R4,375 mg q12h,32.65,3.013686845334283
R4,375 mg q12h,32.7,2.9884764582080283
R4,375 mg q12h,32.75,2.9634757862447914
R4,375 mg q12h,32.8,2.938683150994802
R4,375 mg q12h,32.85,2.9140968837108954
R4,375 mg q12h,32.9,2.889715325511346
R4,375 mg q12h,32.95,2.865536827527613
R4,375 mg q12h,33.0,2.8415597510379804
R4,375 mg q12h,33.05,2.817782467587831
R4,375 mg q12h,33.1,2.7942033590974336
R4,375 mg q12h,33.15,2.7708208179579654
R4,375 mg q12h,33.2,2.7476332471164406
R4,375 mg q12h,33.25,2.724639060150287
R4,375 mg q12h,33.3,2.7018366813321224
R4,375 mg q12h,33.35,2.679224545685388
R4,375 mg q12h,33.4,2.6568010990313757
R4,375 mg q12h,33.45,2.6345647980281433
R4,375 mg q12h,33.5,2.612514110201899
R4,375 mg q12h,33.55,2.5906475139712257
R4,375 mg q12h,33.6,2.5689634986646674
R4,375 mg q12h,33.65,2.5474605645320794
R4,375 mg q12h,33.7,2.5261372227500747
R4,375 mg q12h,33.75,2.504991995422053
R4,375 mg q12h,33.8,2.48402341557304
R4,375 mg q12h,33.85,2.4632300271397662
R4,375 mg q12h,33.9,2.4426103849562444
R4,375 mg q12h,33.95,2.4221630547351407
R4,375 mg q12h,34.0,2.401886613045253
R4,375 mg q12h,34.05,2.3817796472853074
R4,375 mg q12h,34.1,2.3618407556543586
R4,375 mg q12h,34.15,2.3420685471190232
R4,375 mg q12h,34.2,2.3224616413777173
R4,375 mg q12h,34.25,2.3030186688221925
R4,375 mg q12h,34.3,2.2837382704964617
R4,375 mg q12h,34.35,2.2646190980533847
R4,375 mg q12h,34.4,2.2456598137090436
R4,375 mg q12h,34.45,2.226859090195056
R4,375 mg q12h,34.5,2.2082156107090394
R4,375 mg q12h,34.55,2.1897280688632863
R4,375 mg q12h,34.6,2.1713951686318644
R4,375 mg q12h,34.65,2.1532156242962364
R4,375 mg q12h,34.7,2.135188160389485
R4,375 mg q12h,34.75,2.1173115116393406
R4,375 mg q12h,34.8,2.0995844229100245
R4,375 mg q12h,34.85,2.0820056491430745
R4,375 mg q12h,34.9,2.0645739552972344
R4,375 mg q12h,34.95,2.0472881162874486
R4,375 mg q12h,35.0,2.030146916923133
R4,375 mg q12h,35.05,2.013149151845706
R4,375 mg q12h,35.1,1.9962936254655226
R4,375 mg q12h,35.15,1.9795791518982626
R4,375 mg q12h,35.2,1.9630045549008024
R4,375 mg q12h,35.25,1.9465686678066976
R4,375 mg q12h,35.3,1.9302703334612674
R4,375 mg q12h,35.35,1.9141084041563805
R4,375 mg q12h,35.4,1.8980817415649855
R4,375 mg q12h,35.45,1.882189216675397
R4,375 mg q12h,35.5,1.8664297097254492
R4,375 mg q12h,35.55,1.8508021101364818
R4,375 mg q12h,35.6,1.8353053164472652
R4,375 mg q12h,35.65,1.8199382362478653
R4,375 mg q12h,35.7,1.804699786113473
R4,375 mg q12h,35.75,1.7895888915382772
R4,375 mg q12h,35.8,1.7746044868693507
R4,375 mg q12h,35.85,1.7597455152406296
R4,375 mg q12h,35.9,1.7450109285069904
R4,375 mg q12h,35.95,1.730399687178428
R4,375 mg q12h,36.0,1.715910760354417
R4,375 mg q12h,36.05,2.2368929874641372
R4,375 mg q12h,36.1,2.7234886738769175
R4,375 mg q12h,36.15,3.1776695993465496
R4,375 mg q12h,36.2,3.6012965977489313
R4,375 mg q12h,36.25,3.9961257823037695
R4,375 mg q12h,36.3,4.363814421642114
R4,375 mg q12h,36.35,4.7059264863000365
R4,375 mg q12h,36.4,5.023937884122896
R4,375 mg q12h,36.45,5.319241402027607
R4,375 mg q12h,36.5,5.593151370590348
R4,375 mg q12h,36.55,5.8469080670060745
R4,375 mg q12h,36.6,6.0816818710918525
R4,375 mg q12h,36.65,6.29857718818475
R4,375 mg q12h,36.7,6.498636152008076
R4,375 mg q12h,36.75,6.682842119845372
R4,375 mg q12h,36.8,6.852122971671354
R4,375 mg q12h,36.85,7.0073542242339135
R4,375 mg q12h,36.9,7.149361970465851
R4,375 mg q12h,36.95,7.2789256540227205
R4,375 mg q12h,37.0,7.396780688193152
R4,375 mg q12h,37.05,7.503620927910438
R4,375 mg q12h,37.1,7.600101003103696
R4,375 mg q12h,37.15,7.686838521165479
R4,375 mg q12h,37.2,7.76441614587646
R4,375 mg q12h,37.25,7.833383559715788
R4,375 mg q12h,37.3,7.894259316097665
R4,375 mg q12h,37.35,7.947532587707392
R4,375 mg q12h,37.4,7.993664816764211
R4,375 mg q12h,37.45,8.033091272711443
R4,375 mg q12h,37.5,8.066222522525663
R4,375 mg q12h,37.55,8.093445818545911
R4,375 mg q12h,37.6,8.115126408448653
R4,375 mg q12h,37.65,8.131608771735081
R4,375 mg q12h,37.7,8.14321778685232
R4,375 mg q12h,37.75,8.150259832838906
R4,375 mg q12h,37.8,8.15302382916691
R4,375 mg q12h,37.85,8.151782217246845
R4,375 mg q12h,37.9,8.1467918868674
R4,375 mg q12h,37.95,8.138295050658263
R4,375 mg q12h,38.0,8.126520069491301
R4,375 mg q12h,38.05,8.111682231571773
R4,375 mg q12h,38.1,8.093984487816886
R4,375 mg q12h,38.15,8.073618145973478
R4,375 mg q12h,38.2,8.05076352578894
R4,375 mg q12h,38.25,8.025590577419857
R4,375 mg q12h,38.3,7.998259465140193
R4,375 mg q12h,38.35,7.968921118295347
R4,375 mg q12h,38.4,7.937717751339151
R4,375 mg q12h,38.45,7.904783354687856
R4,375 mg q12h,38.5,7.870244158028008
R4,375 mg q12h,38.55,7.834219067623138
R4,375 mg q12h,38.6,7.796820079077697
R4,375 mg q12h,38.65,7.758152666934829
R4,375 mg q12h,38.7,7.718316152407267
R4,375 mg q12h,38.75,7.67740405046799
R4,375 mg q12h,38.8,7.6355043974581935
R4,375 mg q12h,38.85,7.592700060305505
R4,375 mg q12h,38.9,7.549069028383885
R4,375 mg q12h,38.95,7.5046846889887755
R4,375 mg q12h,39.0,7.459616087346712
R4,375 mg q12h,39.05,7.4139281720267105
R4,375 mg q12h,39.1,7.367682026572414
R4,375 mg q12h,39.15,7.32093508812785
R4,375 mg q12h,39.2,7.273741353786333
R4,375 mg q12h,39.25,7.226151575351291
R4,375 mg q12h,39.3,7.17821344315888
R4,375 mg q12h,39.35,7.129971759576094
R4,375 mg q12h,39.4,7.081468602753499
R4,375 mg q12h,39.45,7.032743481179157
R4,375 mg q12h,39.5,6.983833479549983
R4,375 mg q12h,39.55,6.934773396447352
R4,375 mg q12h,39.6,6.885595874276924
R4,375 mg q12h,39.65,6.836331521906577
R4,375 mg q12h,39.7,6.787009030412014
R4,375 mg q12h,39.75,6.737655282316873
R4,375 mg q12h,39.8,6.688295454692119
R4,375 mg q12h,39.85,6.638953116459372
R4,375 mg q12h,39.9,6.5896503202233045
R4,375 mg q12h,39.95,6.540407688939974
R4,375 mg q12h,40.0,6.491244497710977
R4,375 mg q12h,40.05,6.44217875097674
R4,375 mg q12h,40.1,6.393227255367192
R4,375 mg q12h,40.15,6.344405688453477
R4,375 mg q12h,40.2,6.295728663630593
R4,375 mg q12h,40.25,6.247209791348232
R4,375 mg q12h,40.3,6.1988617368945595
R4,375 mg q12h,40.35,6.1506962749264735
R4,375 mg q12h,40.4,6.102724340928931
R4,375 mg q12h,40.45,6.054956079775527
R4,375 mg q12h,40.5,6.007400891553239
R4,375 mg q12h,40.55,5.9600674748046245
R4,375 mg q12h,40.6,5.912963867332611
R4,375 mg q12h,40.65,5.866097484704605
R4,375 mg q12h,40.7,5.81947515658497
R4,375 mg q12h,40.75,5.773103161017955
R4,375 mg q12h,40.8,5.726987256775911
R4,375 mg q12h,40.85,5.681132713881554
R4,375 mg q12h,40.9,5.635544342406736
R4,375 mg q12h,40.95,5.590226519644396
R4,375 mg q12h,41.0,5.5451832157452
R4,375 mg q12h,41.05,5.500418017904858
R4,375 mg q12h,41.1,5.455934153183696
R4,375 mg q12h,41.15,5.411734510035168
R4,375 mg q12h,41.2,5.3678216586158065
R4,375 mg q12h,41.25,5.324197869945134
R4,375 mg q12h,41.3,5.2808651339800114
R4,375 mg q12h,41.35,5.237825176664483
R4,375 mg q12h,41.4,5.195079476012658
R4,375 mg q12h,41.45,5.152629277278864
R4,375 mg q12h,41.5,5.110475607266496
R4,375 mg q12h,41.55,5.0686192878237915
R4,375 mg q12h,41.6,5.027060948572358
R4,375 mg q12h,41.65,4.985801038911511
R4,375 mg q12h,41.7,4.94483983933907
R4,375 mg q12h,41.75,4.904177472127172
R4,375 mg q12h,41.8,4.863813911389192
R4,375 mg q12h,41.85,4.823748992572147
R4,375 mg q12h,41.9,4.783982421406833
R4,375 mg q12h,41.95,4.744513782346112
R4,375 mg q12h,42.0,4.705342546520324
R4,375 mg q12h,42.05,4.666468079236763
R4,375 mg q12h,42.1,4.627889647049061
R4,375 mg q12h,42.15,4.58960642442057
R4,375 mg q12h,42.2,4.551617500004596
R4,375 mg q12h,42.25,4.513921882563134
R4,375 mg q12h,42.3,4.476518506544343
R4,375 mg q12h,42.35,4.439406237338057
R4,375 mg q12h,42.4,4.402583876227471
R4,375 mg q12h,42.45,4.366050165054019
R4,375 mg q12h,42.5,4.3298037906117575
R4,375 mg q12h,42.55,4.293843388786343
R4,375 mg q12h,42.6,4.258167548453123
R4,375 mg q12h,42.65,4.2227748151478774
R4,375 mg q12h,42.7,4.187663694522982
R4,375 mg q12h,42.75,4.1528326556012285
R4,375 mg q12h,42.8,4.118280133838572
R4,375 mg q12h,42.85,4.0840045340067075
R4,375 mg q12h,42.9,4.050004232905619
R4,375 mg q12h,42.95,4.016277581915641
R4,375 mg q12h,43.0,3.9828229093982292
R4,375 mg q12h,43.05,3.949638522953863
R4,375 mg q12h,43.1,3.9167227115452516
R4,375 mg q12h,43.15,3.8840737474934506
R4,375 mg q12h,43.2,3.851689888354012
R4,375 mg q12h,43.25,3.819569378680092
R4,375 mg q12h,43.3,3.787710451678782
R4,375 mg q12h,43.35,3.756111330766826
R4,375 mg q12h,43.4,3.72477023103139
R4,375 mg q12h,43.45,3.693685360601231
R4,375 mg q12h,43.5,3.662854921933463
R4,375 mg q12h,43.55,3.6322771130205824
R4,375 mg q12h,43.6,3.6019501285224003
R4,375 mg q12h,43.65,3.5718721608271116
R4,375 mg q12h,43.7,3.5420414010454904
R4,375 mg q12h,43.75,3.512456039942145
R4,375 mg q12h,43.8,3.4831142688072605
R4,375 mg q12h,43.85,3.4540142802723857
R4,375 mg q12h,43.9,3.425154269073368
R4,375 mg q12h,43.95,3.3965324327634474
R4,375 mg q12h,44.0,3.368146972379467
R4,375 mg q12h,44.05,3.3399960930637453
R4,375 mg q12h,44.1,3.3120780046442837
R4,375 mg q12h,44.15,3.284390922175631
R4,375 mg q12h,44.2,3.2569330664426643
R4,375 mg q12h,44.25,3.229702664429485
R4,375 mg q12h,44.3,3.202697949755353
R4,375 mg q12h,44.35,3.1759171630796468
R4,375 mg q12h,44.4,3.1493585524776027
R4,375 mg q12h,44.45,3.123020373788493
R4,375 mg q12h,44.5,3.0969008909379374
R4,375 mg q12h,44.55,3.070998376235734
R4,375 mg q12h,44.6,3.045311110650737
R4,375 mg q12h,44.65,3.01983738406407
R4,375 mg q12h,44.7,2.9945754955019335
R4,375 mg q12h,44.75,2.9695237533492485
R4,375 mg q12h,44.8,2.9446804755452107
R4,375 mg q12h,44.85,2.920043989761857
R4,375 mg q12h,44.9,2.895612633566648
R4,375 mg q12h,44.95,2.871384754569961
R4,375 mg q12h,45.0,2.847358710558482
R4,375 mg q12h,45.05,2.823532869615233
R4,375 mg q12h,45.1,2.7999056102271136
R4,375 mg q12h,45.15,2.776475321380681
R4,375 mg q12h,45.2,2.753240402646839
R4,375 mg q12h,45.25,2.7301992642551727
R4,375 mg q12h,45.3,2.7073503271584927
R4,375 mg q12h,45.35,2.6846920230882296
R4,375 mg q12h,45.4,2.6622227946012313
R4,375 mg q12h,45.45,2.639941095118446
R4,375 mg q12h,45.5,2.6178453889560775
R4,375 mg q12h,45.55,2.595934151349584
R4,375 mg q12h,45.6,2.57420586847104
R4,375 mg q12h,45.65,2.5526590374402582
R4,375 mg q12h,45.7,2.5312921663300223
R4,375 mg q12h,45.75,2.5101037741658905
R4,375 mg q12h,45.8,2.489092390920819
R4,375 mg q12h,45.85,2.4682565575050273
R4,375 mg q12h,45.9,2.4475948257513567
R4,375 mg q12h,45.95,2.4271057583964346
R4,375 mg q12h,46.0,2.406787929057939
R4,375 mg q12h,46.05,2.3866399222081873
R4,375 mg q12h,46.1,2.366660333144329
R4,375 mg q12h,46.15,2.3468477679553756
R4,375 mg q12h,46.2,2.3272008434862337
R4,375 mg q12h,46.25,2.307718187299039
R4,375 mg q12h,46.3,2.2883984376318813
R4,375 mg q12h,46.35,2.269240243355194
R4,375 mg q12h,46.4,2.250242263925931
R4,375 mg q12h,46.45,2.2314031693396847
R4,375 mg q12h,46.5,2.212721640080958
R4,375 mg q12h,46.55,2.1941963670716467
R4,375 mg q12h,46.6,2.1758260516179506
R4,375 mg q12h,46.65,2.1576094053558026
R4,375 mg q12h,46.7,2.1395451501949085
R4,375 mg q12h,46.75,2.1216320182615895
R4,375 mg q12h,46.8,2.103868751840438
R4,375 mg q12h,46.85,2.0862541033149666
R4,375 mg q12h,46.9,2.0687868351073107
R4,375 mg q12h,46.95,2.0514657196170485
R4,375 mg q12h,47.0,2.0342895391592917
R4,375 mg q12h,47.05,2.017257085902039
R4,375 mg q12h,47.1,2.0003671618029397
R4,375 mg q12h,47.15,1.983618578545502
R4,375 mg q12h,47.2,1.9670101574747996
R4,375 mg q12h,47.25,1.9505407295327792
R4,375 mg q12h,47.3,1.934209135193177
R4,375 mg q12h,47.35,1.9180142243961376
R4,375 mg q12h,47.4,1.9019548564825774
R4,375 mg q12h,47.45,1.8860299001283063
R4,375 mg q12h,47.5,1.870238233278017
R4,375 mg q12h,47.55,1.85457874307911
R4,375 mg q12h,47.6,1.8390503258154571
R4,375 mg q12h,47.65,1.823651886841106
R4,375 mg q12h,47.7,1.8083823405139539
R4,375 mg q12h,47.75,1.7932406101294618
R4,375 mg q12h,47.8,1.7782256278543862
R4,375 mg q12h,47.85,1.7633363346606028
R4,375 mg q12h,47.9,1.7485716802590328
R4,375 mg q12h,47.95,1.733930623033667
R4,375 mg q12h,48.0,1.7194121299757792
R4,375 mg q12h,48.05,2.2403650384240006
R4,375 mg q12h,48.1,2.726931651674616
R4,375 mg q12h,48.15,3.181083747425734
R4,375 mg q12h,48.2,3.604682157514779
R4,375 mg q12h,48.25,3.999482993140057
R4,375 mg q12h,48.3,4.367143520928141
R4,375 mg q12h,48.35,4.709227709427412
R4,375 mg q12h,48.4,5.02721146451218
R4,375 mg q12h,48.45,5.3224875711448165
R4,375 mg q12h,48.5,5.596370357963324
R4,375 mg q12h,48.55,5.850100100240709
R4,375 mg q12h,48.6,6.084847175888185
R4,375 mg q12h,48.65,6.301715988352922
R4,375 mg q12h,48.7,6.50174866948416
R4,375 mg q12h,48.75,6.685928574707062
R4,375 mg q12h,48.8,6.855183582153527
R4,375 mg q12h,48.85,7.010389206744062
R4,375 mg q12h,48.9,7.15237153959938
R4,375 mg q12h,48.95,7.281910022578126
R4,375 mg q12h,49.0,7.3997400671870635
R4,375 mg q12h,49.05,7.5065555265925425
R4,375 mg q12h,49.1,7.6030110289715305
R4,375 mg q12h,49.15,7.689724179979103
R4,375 mg q12h,49.2,7.767277641673006
R4,375 mg q12h,49.25,7.836221094823886
R4,375 mg q12h,49.3,7.897073091151749
R4,375 mg q12h,49.35,7.950322801661887
R4,375 mg q12h,49.4,7.996431666907601
R4,375 mg q12h,49.45,8.03583495468022
R4,375 mg q12h,49.5,8.06894323031816
R4,375 mg q12h,49.55,8.096143744536018
R4,375 mg q12h,49.6,8.117801743399422
R4,375 mg q12h,49.65,8.134261704812213
R4,375 mg q12h,49.7,8.145848505637536
R4,375 mg q12h,49.75,8.152868523343221
R4,375 mg q12h,49.8,8.155610675843773
R4,375 mg q12h,49.85,8.154347403005191
R4,375 mg q12h,49.9,8.149335593084576
R4,375 mg q12h,49.95,8.140817457192856
R4,375 mg q12h,50.0,8.12902135469586
R4,375 mg q12h,50.05,8.11416257230541
R4,375 mg q12h,50.1,8.096444059457784
R4,375 mg q12h,50.15,8.076057122431301
R4,375 mg q12h,50.2,8.053182079517114
R4,375 mg q12h,50.25,8.02798887942778
R4,375 mg q12h,50.3,8.000637685005312
R4,375 mg q12h,50.35,7.971279424175158
R4,375 mg q12h,50.4,7.9400563099830865
R4,375 mg q12h,50.45,7.907102331449074
R4,375 mg q12h,50.5,7.872543716875084
R4,375 mg q12h,50.55,7.83649937115166
R4,375 mg q12h,50.6,7.79908128852176
R4,375 mg q12h,50.65,7.76039494217844
R4,375 mg q12h,50.7,7.7205396519956455
R4,375 mg q12h,50.75,7.6796089316187786
R4,375 mg q12h,50.8,7.637690816072576
R4,375 mg q12h,50.85,7.594868170979229
R4,375 mg q12h,50.9,7.551218984418194
R4,375 mg q12h,50.95,7.506816642401246
R4,375 mg q12h,51.0,7.4617301888820045
R4,375 mg q12h,51.05,7.416024571167229
R4,375 mg q12h,51.1,7.369760871548873
R4,375 mg q12h,51.15,7.3229965259297565
R4,375 mg q12h,51.2,7.275785530172379
R4,375 mg q12h,51.25,7.228178634859661
R4,375 mg q12h,51.3,7.18022352911747
R4,375 mg q12h,51.35,7.131965014112647
R4,375 mg q12h,51.4,7.083445166805653
R4,375 mg q12h,51.45,7.034703494504413
R4,375 mg q12h,51.5,6.9857770807355815
R4,375 mg q12h,51.55,6.936700722920078
R4,375 mg q12h,51.6,6.88750706231282
R4,375 mg q12h,51.65,6.838226706640581
R4,375 mg q12h,51.7,6.788888345847514
R4,375 mg q12h,51.75,6.739518861335182
R4,375 mg q12h,51.8,6.690143429061869
R4,375 mg q12h,51.85,6.640785616845834
R4,375 mg q12h,51.9,6.591467476197626
R4,375 mg q12h,51.95,6.5422096289883385
R4,375 mg q12h,52.0,6.4930313492436955
R4,375 mg q12h,52.05,6.44395064033725
R4,375 mg q12h,52.1,6.394984307841001
R4,375 mg q12h,52.15,6.346148028277013
R4,375 mg q12h,52.2,6.297456413999992
R4,375 mg q12h,52.25,6.248923074428053
R4,375 mg q12h,52.3,6.2005606738264145
R4,375 mg q12h,52.35,6.1523809858376
R4,375 mg q12h,52.4,6.104394944940681
R4,375 mg q12h,52.45,6.056612695011794
R4,375 mg q12h,52.5,6.009043635148805
R4,375 mg q12h,52.55,5.961696462913448
R4,375 mg q12h,52.6,5.914579215136035
R4,375 mg q12h,52.65,5.867699306419507
R4,375 mg q12h,52.7,5.82106356547183
R4,375 mg q12h,52.75,5.77467826938887
R4,375 mg q12h,52.8,5.728549176002535
R4,375 mg q12h,52.85,5.682681554402972
R4,375 mg q12h,52.9,5.637080213737274
R4,375 mg q12h,52.95,5.591749530381363
R4,375 mg q12h,53.0,5.546693473576565
R4,375 mg q12h,53.05,5.501915629616869
R4,375 mg q12h,53.1,5.457419224668427
R4,375 mg q12h,53.15,5.413207146298008
R4,375 mg q12h,53.2,5.369281963782885
R4,375 mg q12h,53.25,5.325645947270679
R4,375 mg q12h,53.3,5.282301085853655
R4,375 mg q12h,53.35,5.239249104618499
R4,375 mg q12h,53.4,5.196491480729143
R4,375 mg q12h,53.45,5.1540294585968525
R4,375 mg q12h,53.5,5.111864064189021
R4,375 mg q12h,53.55,5.069996118524889
R4,375 mg q12h,53.6,5.028426250404004
R4,375 mg q12h,53.65,4.987154908410505
R4,375 mg q12h,53.7,4.946182372233865
R4,375 mg q12h,53.75,4.9055087633446375
R4,375 mg q12h,53.8,4.865134055061331
R4,375 mg q12h,53.85,4.825058082042748
R4,375 mg q12h,53.9,4.785280549238072
R4,375 mg q12h,53.95,4.745801040325098
R4,375 mg q12h,54.0,4.706619025665588
R4,375 mg q12h,54.05,4.667733869804693
R4,375 mg q12h,54.1,4.629144838540287
R4,375 mg q12h,54.15,4.590851105586286
R4,375 mg q12h,54.2,4.552851758852843
R4,375 mg q12h,54.25,4.515145806365018
R4,375 mg q12h,54.3,4.477732181840205
R4,375 mg q12h,54.35,4.4406097499435955
R4,375 mg q12h,54.4,4.403777311239809
R4,375 mg q12h,54.45,4.3672336068577176
R4,375 mg q12h,54.5,4.330977322884786
R4,375 mg q12h,54.55,4.295007094505997
R4,375 mg q12h,54.6,4.259321509901887
R4,375 mg q12h,54.65,4.223919113919243
R4,375 mg q12h,54.7,4.188798411527222
R4,375 mg q12h,54.75,4.153957871071115
R4,375 mg q12h,54.8,4.119395927335047
R4,375 mg q12h,54.85,4.085110984424512
R4,375 mg q12h,54.9,4.05110141847887
R4,375 mg q12h,54.95,4.017365580223364
R4,375 mg q12h,55.0,3.983901797369843
R4,375 mg q12h,55.05,3.950708376874618
R4,375 mg q12h,55.1,3.917783607061625
R4,375 mg q12h,55.15,3.8851257596184965
R4,375 mg q12h,55.2,3.852733091472662
R4,375 mg q12h,55.25,3.8206038465544188
R4,375 mg q12h,55.3,3.788736257453211
R4,375 mg q12h,55.35,3.7571285469733096
R4,375 mg q12h,55.4,3.7257789295945356
R4,375 mg q12h,55.45,3.694685612843386
R4,375 mg q12h,55.5,3.663846798579759
R4,375 mg q12h,55.55,3.633260684203935
R4,375 mg q12h,55.6,3.602925463788468
R4,375 mg q12h,55.65,3.5728393291392138
R4,375 mg q12h,55.7,3.543000470789483
R4,375 mg q12h,55.75,3.513407078931256
R4,375 mg q12h,55.8,3.4840573442868856
R4,375 mg q12h,55.85,3.4549494589248417
R4,375 mg q12h,55.9,3.426081617022609
R4,375 mg q12h,55.95,3.3974520155797387
R4,375 mg q12h,56.0,3.3690588550840226
R4,375 mg q12h,56.05,3.340900340133326
R4,375 mg q12h,56.1,3.3129746800157545
R4,375 mg q12h,56.15,3.2852800892504828
R4,375 mg q12h,56.2,3.257814788091496
R4,375 mg q12h,56.25,3.23057700299645
R4,375 mg q12h,56.3,3.203564967062568
R4,375 mg q12h,56.35,3.1767769204315606
R4,375 mg q12h,56.4,3.1502111106653325
R4,375 mg q12h,56.45,3.123865793094123
R4,375 mg q12h,56.5,3.097739231138781
R4,375 mg q12h,56.55,3.0718296966085594
R4,375 mg q12h,56.6,3.04613546997596
R4,375 mg q12h,56.65,3.0206548406299096
R4,375 mg q12h,56.7,2.995386107108532
R4,375 mg q12h,56.75,2.9703275773127613
R4,375 mg q12h,56.8,2.945477568701857
R4,375 mg q12h,56.85,2.9208344084719378
R4,375 mg q12h,56.9,2.8963964337185333
R4,375 mg q12h,56.95,2.87216199158404
R4,375 mg q12h,57.0,2.8481294393910823
R4,375 mg q12h,57.05,2.8242971447625056
R4,375 mg q12h,57.1,2.800663485728888
R4,375 mg q12h,57.15,2.777226850824285
R4,375 mg q12h,57.2,2.753985639170886
R4,375 mg q12h,57.25,2.7309382605533234
R4,375 mg q12h,57.3,2.7080831354831765
R4,375 mg q12h,57.35,2.6854186952543415
R4,375 mg q12h,57.4,2.6629433819897956
R4,375 mg q12h,57.45,2.640655648680248
R4,375 mg q12h,57.5,2.6185539592152676
R4,375 mg q12h,57.55,2.596636788407249
R4,375 mg q12h,57.6,2.5749026220087456
R4,375 mg q12h,57.65,2.553349956723564
R4,375 mg q12h,57.7,2.531977300211962
R4,375 mg q12h,57.75,2.510783171090428
R4,375 mg q12h,57.8,2.489766098926274
R4,375 mg q12h,57.85,2.468924624227471
R4,375 mg q12h,57.9,2.448257298427981
R4,375 mg q12h,57.95,2.4277626838688904
R4,375 mg q12h,58.0,2.40743935377565
R4,375 mg q12h,58.05,2.387285892231634
R4,375 mg q12h,58.1,2.367300894148305
R4,375 mg q12h,58.15,2.3474829652322176
R4,375 mg q12h,58.2,2.3278307219490233
R4,375 mg q12h,58.25,2.3083427914847787
R4,375 mg q12h,58.3,2.2890178117046447
R4,375 mg q12h,58.35,2.2698544311092466
R4,375 mg q12h,58.4,2.2508513087888278
R4,375 mg q12h,58.45,2.2320071143753415
R4,375 mg q12h,58.5,2.213320527992695
R4,375 mg q12h,58.55,2.194790240205209
R4,375 mg q12h,58.6,2.176414951964501
R4,375 mg q12h,58.65,2.158193374554892
R4,375 mg q12h,58.7,2.1401242295374203
R4,375 mg q12h,58.75,2.122206248692658
R4,375 mg q12h,58.8,2.104438173962344
R4,375 mg q12h,58.85,2.0868187573900085
R4,375 mg q12h,58.9,2.0693467610606517
R4,375 mg q12h,58.95,2.052020957039539
R4,375 mg q12h,59.0,2.0348401273102676
R4,375 mg q12h,59.05,2.0178030637121003
R4,375 mg q12h,59.1,2.0009085678767
R4,375 mg q12h,59.15,1.9841554511643213
R4,375 mg q12h,59.2,1.9675425345994895
R4,375 mg q12h,59.25,1.9510686488062858
R4,375 mg q12h,59.3,1.934732633943245
R4,375 mg q12h,59.35,1.9185333396379478
R4,375 mg q12h,59.4,1.902469624921365
R4,375 mg q12h,59.45,1.8865403581619555
R4,375 mg q12h,59.5,1.8707444169996352
R4,375 mg q12h,59.55,1.8550806882795792
R4,375 mg q12h,59.6,1.839548067985965
R4,375 mg q12h,59.65,1.8241454611756558
R4,375 mg q12h,59.7,1.808871781911852
R4,375 mg q12h,59.75,1.7937259531977858
R4,375 mg q12h,59.8,1.7787069069104322
R4,375 mg q12h,59.85,1.7638135837343114
R4,375 mg q12h,59.9,1.7490449330953954
R4,375 mg q12h,59.95,1.7343999130951122
R4,375 mg q12h,60.0,1.719877490444538
R4,375 mg q12h,60.05,2.2408265022044533
R4,375 mg q12h,60.1,2.727389251395619
R4,375 mg q12h,60.15,3.1815375154429253
R4,375 mg q12h,60.2,3.605132125912869
R4,375 mg q12h,60.25,3.999929193735094
R4,375 mg q12h,60.3,4.367585985269763
R4,375 mg q12h,60.35,4.709666468801076
R4,375 mg q12h,60.4,5.027646549941374
R4,375 mg q12h,60.45,5.322919013393255
R4,375 mg q12h,60.5,5.596798187537122
R4,375 mg q12h,60.55,5.850524347390539
R4,375 mg q12h,60.6,6.085267870611415
R4,375 mg q12h,60.65,6.302133160395739
R4,375 mg q12h,60.7,6.502162348343671
R4,375 mg q12h,60.75,6.68633878963338
R4,375 mg q12h,60.8,6.85559036215184
R4,375 mg q12h,60.85,7.010792580576684
R4,375 mg q12h,60.9,7.152771535787784
R4,375 mg q12h,60.95,7.282306669404962
R4,375 mg q12h,61.0,7.400133392698155
R4,375 mg q12h,61.05,7.506945558598872
R4,375 mg q12h,61.1,7.603397795051208
R4,375 mg q12h,61.15,7.690107707479311
R4,375 mg q12h,61.2,7.767657957711938
R4,375 mg q12h,61.25,7.836598226292659
R4,375 mg q12h,61.3,7.897447064716311
R4,375 mg q12h,61.35,7.950693643764897
R4,375 mg q12h,61.4,7.996799403770302
R4,375 mg q12h,61.45,8.03619961230429
R4,375 mg q12h,61.5,8.069304834487554
R4,375 mg q12h,61.55,8.09650232081879
R4,375 mg q12h,61.6,8.11815731714953
R4,375 mg q12h,61.65,8.134614301171313
R4,375 mg q12h,61.7,8.146198149536767
R4,375 mg q12h,61.75,8.153215239504956
R4,375 mg q12h,61.8,8.155954488783374
R4,375 mg q12h,61.85,8.154688337032741
R4,375 mg q12h,61.9,8.1496736723066
R4,375 mg q12h,61.95,8.141152705514022
R4,375 mg q12h,62.0,8.129353795820668
R4,375 mg q12h,62.05,8.114492229739874
R4,375 mg q12h,62.1,8.09677095651109
R4,375 mg q12h,62.15,8.076381282217454
R4,375 mg q12h,62.2,8.053503524956577
R4,375 mg q12h,62.25,8.028307633249089
R4,375 mg q12h,62.3,8.00095376974669
R4,375 mg q12h,62.35,7.971592862186104
R4,375 mg q12h,62.4,7.940367123425952
R4,375 mg q12h,62.45,7.907410542300638
R4,375 mg q12h,62.5,7.872849346928103
R4,375 mg q12h,62.55,7.836802442016407
R4,375 mg q12h,62.6,7.799381821627557
R4,375 mg q12h,62.65,7.760692958775171
R4,375 mg q12h,62.7,7.7208351731552565
R4,375 mg q12h,62.75,7.679901978236773
R4,375 mg q12h,62.8,7.637981408869487
R4,375 mg q12h,62.85,7.595156330502088
R4,375 mg q12h,62.9,7.551504731041981
R4,375 mg q12h,62.95,7.507099996330333
R4,375 mg q12h,63.0,7.462011170151582
R4,375 mg q12h,63.05,7.416303199644722
R4,375 mg q12h,63.1,7.370037166935347
R4,375 mg q12h,63.15,7.323270507761311
R4,375 mg q12h,63.2,7.2760572178215295
R4,375 mg q12h,63.25,7.228448047536706
R4,375 mg q12h,63.3,7.1804906858718525
R4,375 mg q12h,63.35,7.132229933834298
R4,375 mg q12h,63.4,7.0837078682263295
R4,375 mg q12h,63.45,7.034963996199021
R4,375 mg q12h,63.5,6.986035401123493
R4,375 mg q12h,63.55,6.936956880266428
R4,375 mg q12h,63.6,6.887761074729802
R4,375 mg q12h,63.65,6.838478592088727
R4,375 mg q12h,63.7,6.789138122136961
R4,375 mg q12h,63.75,6.739766546126939
R4,375 mg q12h,63.8,6.690389039869055
R4,375 mg q12h,63.85,6.641029171034926
R4,375 mg q12h,63.9,6.591708990989683
R4,375 mg q12h,63.95,6.542449121460218
R4,375 mg q12h,64.0,6.493268836329262
R4,375 mg q12h,64.05,6.444186138828574
R4,375 mg q12h,64.1,6.395217834389549
R4,375 mg q12h,64.15,6.346379599394797
R4,375 mg q12h,64.2,6.2976860460608
R4,375 mg q12h,64.25,6.249150783668539
R4,375 mg q12h,64.3,6.200786476347284
R4,375 mg q12h,64.35,6.152604897604746
R4,375 mg q12h,64.4,6.104616981786278
R4,375 mg q12h,64.45,6.0568328726354865
R4,375 mg q12h,64.5,6.009261969118752
R4,375 mg q12h,64.55,5.961912968667453
R4,375 mg q12h,64.6,5.914793907982643
R4,375 mg q12h,64.65,5.8679122015390455
R4,375 mg q12h,64.7,5.821274677917559
R4,375 mg q12h,64.75,5.774887614087974
R4,375 mg q12h,64.8,5.72875676775721
R4,375 mg q12h,64.85,5.682887407891477
R4,375 mg q12h,64.9,5.637284343514931
R4,375 mg q12h,64.95,5.5919519508816595
R4,375 mg q12h,65.0,5.546894199112098
R4,375 mg q12h,65.05,5.5021146743804
R4,375 mg q12h,65.1,5.457616602733878
R4,375 mg q12h,65.15,5.413402871621432
R4,375 mg q12h,65.2,5.369476050203506
R4,375 mg q12h,65.25,5.325838408511818
R4,375 mg q12h,65.3,5.282491935523726
R4,375 mg q12h,65.35,5.239438356211972
R4,375 mg q12h,65.4,5.196679147627468
R4,375 mg q12h,65.45,5.1542155540694665
R4,375 mg q12h,65.5,5.112048601394227
R4,375 mg q12h,65.55,5.0701791105108125
R4,375 mg q12h,65.6,5.028607710109519
R4,375 mg q12h,65.65,4.98733484866612
R4,375 mg q12h,65.7,4.946360805762686
R4,375 mg q12h,65.75,4.905685702763211
R4,375 mg q12h,65.8,4.865309512880565
R4,375 mg q12h,65.85,4.825232070668797
R4,375 mg q12h,65.9,4.7854530809731815
R4,375 mg q12h,65.95,4.74597212736854
R4,375 mg q12h,66.0,4.706788680114458
R4,375 mg q12h,66.05,4.667902103654798
R4,375 mg q12h,66.1,4.629311663686993
R4,375 mg q12h,66.15,4.591016533825333
R4,375 mg q12h,66.2,4.55301580188123
R4,375 mg q12h,66.25,4.5153084757817785
R4,375 mg q12h,66.3,4.477893489147253
R4,375 mg q12h,66.35,4.440769706546541
R4,375 mg q12h,66.4,4.403935928448734
R4,375 mg q12h,66.45,4.3673908958880325
R4,375 mg q12h,66.5,4.331133294857968
R4,375 mg q12h,66.55,4.295161760450401
R4,375 mg q12h,66.6,4.25947488075353
R4,375 mg q12h,66.65,4.224071200522548
R4,375 mg q12h,66.7,4.188949224635836
R4,375 mg q12h,66.75,4.154107421348619
R4,375 mg q12h,66.8,4.119544225355739
R4,375 mg q12h,66.85,4.085258040674147
R4,375 mg q12h,66.9,4.051247243355385
R4,375 mg q12h,66.95,4.017510184037655
R4,375 mg q12h,67.0,3.9840451903464498
R4,375 mg q12h,67.05,3.950850569152471
R4,375 mg q12h,67.1,3.9179246086947606
R4,375 mg q12h,67.15,3.8852655805767435
R4,375 mg q12h,67.2,3.8528717416423968
R4,375 mg q12h,67.25,3.820741335739215
R4,375 mg q12h,67.3,3.7888725953745577
R4,375 mg q12h,67.35,3.757263743271297
R4,375 mg q12h,67.4,3.7259129938285147
R4,375 mg q12h,67.45,3.69481855449269
R4,375 mg q12h,67.5,3.6639786270443278
R4,375 mg q12h,67.55,3.6333914088050028
R4,375 mg q12h,67.6,3.603055093769221
R4,375 mg q12h,67.65,3.572967873665426
R4,375 mg q12h,67.7,3.5431279389502035
R4,375 mg q12h,67.75,3.513533479739409
R4,375 mg q12h,67.8,3.48418268667993
R4,375 mg q12h,67.85,3.455073751765404
R4,375 mg q12h,67.9,3.426204869099086
R4,375 mg q12h,67.95,3.3975742356069647
R4,375 mg q12h,68.0,3.3691800517038413
R4,375 mg q12h,68.05,3.3410205219152225
R4,375 mg q12h,68.1,3.313093855457461
R4,375 mg q12h,68.15,3.2853982667785617
R4,375 mg q12h,68.2,3.2579319760619723
R4,375 mg q12h,68.25,3.230693209695364
R4,375 mg q12h,68.3,3.2036802007065814
R4,375 mg q12h,68.35,3.176891189168537
R4,375 mg q12h,68.4,3.1503244225748936
R4,375 mg q12h,68.45,3.123978156188258
R4,375 mg q12h,68.5,3.097850653362377
R4,375 mg q12h,68.55,3.071940185839981
R4,375 mg q12h,68.6,3.046245034027605
R4,375 mg q12h,68.65,3.020763487248746
R4,375 mg q12h,68.7,2.9954938439766785
R4,375 mg q12h,68.75,2.9704344120479966
R4,375 mg q12h,68.8,2.945583508858177
R4,375 mg q12h,68.85,2.920939461540087
R4,375 mg q12h,68.9,2.8965006071265207
R4,375 mg q12h,68.95,2.872265292697696
R4,375 mg q12h,69.0,2.8482318755145455
R4,375 mg q12h,69.05,2.8243987231387573
R4,375 mg q12h,69.1,2.8007642135402637
R4,375 mg q12h,69.15,2.777326735192967
R4,375 mg q12h,69.2,2.7540846871594367
R4,375 mg q12h,69.25,2.7310364791651547
R4,375 mg q12h,69.3,2.708180531663061
R4,375 mg q12h,69.35,2.6855152758889034
R4,375 mg q12h,69.4,2.66303915390798
R4,375 mg q12h,69.45,2.640750618653839
R4,375 mg q12h,69.5,2.618648133959331
R4,375 mg q12h,69.55,2.5967301745806273
R4,375 mg q12h,69.6,2.5749952262145257
R4,375 mg q12h,69.65,2.5534417855095284
R4,375 mg q12h,69.7,2.5320683600710856
R4,375 mg q12h,69.75,2.5108734684613045
R4,375 mg q12h,69.8,2.4898556401935865
R4,375 mg q12h,69.85,2.469013415722442
R4,375 mg q12h,69.9,2.44834534642881
R4,375 mg q12h,69.95,2.427849994601221
R4,375 mg q12h,70.0,2.4075259334129857
R4,375 mg q12h,70.05,2.3873717468957865
R4,375 mg q12h,70.1,2.3673860299098286
R4,375 mg q12h,70.15,2.3475673881108223
R4,375 mg q12h,70.2,2.327914437914032
R4,375 mg q12h,70.25,2.308425806455518
R4,375 mg q12h,70.3,2.2891001315508785
R4,375 mg q12h,70.35,2.2699360616515913
R4,375 mg q12h,70.4,2.2509322557991505
R4,375 mg q12h,70.45,2.2320873835771944
R4,375 mg q12h,70.5,2.213400125061693
R4,375 mg q12h,70.55,2.194869170769446
R4,375 mg q12h,70.6,2.1764932216049466
R4,375 mg q12h,70.65,2.1582709888057727
R4,375 mg q12h,70.7,2.1402011938866385
R4,375 mg q12h,70.75,2.122282568582151
R4,375 mg q12h,70.8,2.104513854788486
R4,375 mg q12h,70.85,2.086893804503988
R4,375 mg q12h,70.9,2.069421179768839
R4,375 mg q12h,70.95,2.0520947526038875
R4,375 mg q12h,71.0,2.0349133049486605
R4,375 mg q12h,71.05,2.0178756285987296
R4,375 mg q12h,71.1,2.0009805251424355
R4,375 mg q12h,71.15,1.9842268058970598
R4,375 mg q12h,71.2,1.9676132918445373
R4,375 mg q12h,71.25,1.9511388135666947
R4,375 mg q12h,71.3,1.9348022111801753
R4,375 mg q12h,71.35,1.9186023342710203
R4,375 mg q12h,71.4,1.9025380418289963
R4,375 mg q12h,71.45,1.8866082021817274
R4,375 mg q12h,71.5,1.8708116929286125
R4,375 mg q12h,71.55,1.8551474008746611
R4,375 mg q12h,71.6,1.8396142219642204
R4,375 mg q12h,71.65,1.8242110612146474
R4,375 mg q12h,71.7,1.8089368326499877
R4,375 mg q12h,71.75,1.7937904592346252
R4,375 mg q12h,71.8,1.7787708728070228
R4,375 mg q12h,71.85,1.7638770140135107
R4,375 mg q12h,71.9,1.7491078322421805
R4,375 mg q12h,71.95,1.7344622855569183
R4,375 mg q12h,72.0,1.719939340631551
